reference,mapping,threshold,n_features,kappa,uns_rate,Method
muraro,segerstolpe,0.5,0-100,0.907783952323326,0.271616115889543,scmap
muraro,segerstolpe,0.5,ALL,0.79756792191053,2.94250792213671,scmap
muraro,segerstolpe,0.5,1000-2000,0.918675645737193,2.44454504300588,scmap
muraro,segerstolpe,0.5,100-200,0.90694759835092,0.407424173834314,scmap
muraro,segerstolpe,0.5,2000-5000,0.883298205921268,10.5930285196922,scmap
muraro,segerstolpe,0.5,200-500,0.912579583018713,0.6337709370756,scmap
muraro,segerstolpe,0.5,500-1000,0.919111309951858,1.17700316885469,scmap
muraro,segerstolpe,0.6,0-100,0.910913953837599,0.6337709370756,scmap
muraro,segerstolpe,0.6,ALL,0.839637249043802,18.1077410593028,scmap
muraro,segerstolpe,0.6,1000-2000,0.922870514061393,9.37075599818923,scmap
muraro,segerstolpe,0.6,100-200,0.913993788112535,0.995925758261657,scmap
muraro,segerstolpe,0.6,2000-5000,0.898258485778669,19.5110909913988,scmap
muraro,segerstolpe,0.6,200-500,0.926818369829208,1.9013128112268,scmap
muraro,segerstolpe,0.6,500-1000,0.93322657075162,2.8519692168402,scmap
muraro,segerstolpe,0.7,0-100,0.922335942203492,1.584427342689,scmap
muraro,segerstolpe,0.7,ALL,0.869142608443348,68.4472612041648,scmap
muraro,segerstolpe,0.7,1000-2000,0.922582327582694,23.0421004979629,scmap
muraro,segerstolpe,0.7,100-200,0.92990449152552,2.5350837483024,scmap
muraro,segerstolpe,0.7,2000-5000,0.913315189429326,41.6478044363966,scmap
muraro,segerstolpe,0.7,200-500,0.937285738420782,4.16478044363966,scmap
muraro,segerstolpe,0.7,500-1000,0.937911079490841,9.00860117700317,scmap
muraro,segerstolpe,0.8,0-100,0.939143823736056,3.89316432775011,scmap
muraro,segerstolpe,0.8,ALL,0.333333333333333,99.9094612947035,scmap
muraro,segerstolpe,0.8,1000-2000,0.91224787546063,57.40153915799,scmap
muraro,segerstolpe,0.8,100-200,0.940300010475487,6.79040289723857,scmap
muraro,segerstolpe,0.8,2000-5000,0.836057609170036,79.0402897238569,scmap
muraro,segerstolpe,0.8,200-500,0.93795521244392,18.6962426437302,scmap
muraro,segerstolpe,0.8,500-1000,0.926520931903935,41.3309189678588,scmap
muraro,segerstolpe,0.9,0-100,0.968801902338831,27.3426889995473,scmap
muraro,segerstolpe,0.9,ALL,0,100,scmap
muraro,segerstolpe,0.9,1000-2000,1,99.818922589407,scmap
muraro,segerstolpe,0.9,100-200,0.98485705347259,62.0190131281123,scmap
muraro,segerstolpe,0.9,2000-5000,0,100,scmap
muraro,segerstolpe,0.9,200-500,1,88.8637392485287,scmap
muraro,segerstolpe,0.9,500-1000,1,97.4649162516976,scmap
segerstolpe,muraro,0.5,ALL,0.584394046450096,0.376293508936971,scmap
segerstolpe,muraro,0.5,100-200,0.896181612455975,0.235183443085607,scmap
segerstolpe,muraro,0.5,1000-2000,0.886479139013696,0.0470366886171214,scmap
segerstolpe,muraro,0.5,2000-5000,0.858934096904889,0.141110065851364,scmap
segerstolpe,muraro,0.5,200-500,0.895216474536885,0.0940733772342427,scmap
segerstolpe,muraro,0.5,500-1000,0.89177473261843,0,scmap
segerstolpe,muraro,0.5,0-100,0.876618118461513,0.611476952022578,scmap
segerstolpe,muraro,0.6,ALL,0.582227165141344,4.65663217309501,scmap
segerstolpe,muraro,0.6,100-200,0.896573151937959,0.423330197554092,scmap
segerstolpe,muraro,0.6,1000-2000,0.88790480267003,0.329256820319849,scmap
segerstolpe,muraro,0.6,2000-5000,0.859597505135252,0.470366886171214,scmap
segerstolpe,muraro,0.6,200-500,0.89617004603781,0.282220131702728,scmap
segerstolpe,muraro,0.6,500-1000,0.892229315547806,0.141110065851364,scmap
segerstolpe,muraro,0.6,0-100,0.877522083186591,0.799623706491063,scmap
segerstolpe,muraro,0.7,ALL,0.515821491558138,34.8071495766698,scmap
segerstolpe,muraro,0.7,100-200,0.898542738147433,0.799623706491063,scmap
segerstolpe,muraro,0.7,1000-2000,0.892891370854989,2.91627469426152,scmap
segerstolpe,muraro,0.7,2000-5000,0.863011501259203,8.18438381937911,scmap
segerstolpe,muraro,0.7,200-500,0.89930219365957,0.658513640639699,scmap
segerstolpe,muraro,0.7,500-1000,0.893990190021347,0.70555032925682,scmap
segerstolpe,muraro,0.7,0-100,0.881640203223886,1.3170272812794,scmap
segerstolpe,muraro,0.8,ALL,0.473011363636364,90.0282220131703,scmap
segerstolpe,muraro,0.8,100-200,0.90974635596956,6.3969896519285,scmap
segerstolpe,muraro,0.8,1000-2000,0.878687917880499,33.725305738476,scmap
segerstolpe,muraro,0.8,2000-5000,0.786973767541082,57.0555032925682,scmap
segerstolpe,muraro,0.8,200-500,0.910452655218642,8.65475070555033,scmap
segerstolpe,muraro,0.8,500-1000,0.90178681962613,16.0395108184384,scmap
segerstolpe,muraro,0.8,0-100,0.89742585953715,6.34995296331138,scmap
segerstolpe,muraro,0.9,ALL,0,100,scmap
segerstolpe,muraro,0.9,100-200,0.933201090999256,78.8805268109125,scmap
segerstolpe,muraro,0.9,1000-2000,0.45260663507109,97.9303857008467,scmap
segerstolpe,muraro,0.9,2000-5000,0.222222222222222,99.6707431796802,scmap
segerstolpe,muraro,0.9,200-500,0.855871829105474,83.725305738476,scmap
segerstolpe,muraro,0.9,500-1000,0.740829268292683,92.4270931326434,scmap
segerstolpe,muraro,0.9,0-100,0.943423604766488,72.7657572906867,scmap
xin,segerstolpe,0.5,100-200,0.631980748485603,19.6921684019919,scmap
xin,segerstolpe,0.5,1000-2000,0.81677057135221,26.8447261204165,scmap
xin,segerstolpe,0.5,ALL,0.542533482278639,5.43232231779086,scmap
xin,segerstolpe,0.5,2000-5000,0.641959001261953,15.9800814848348,scmap
xin,segerstolpe,0.5,200-500,0.707734108955269,22.8610230873699,scmap
xin,segerstolpe,0.5,0-100,0.524291126101149,2.80669986419194,scmap
xin,segerstolpe,0.5,500-1000,0.729673252970015,25.169760072431,scmap
xin,segerstolpe,0.6,100-200,0.645432965794036,20.959710276143,scmap
xin,segerstolpe,0.6,1000-2000,0.825383450639778,28.8818469895881,scmap
xin,segerstolpe,0.6,ALL,0.890606856020581,65.0973291081938,scmap
xin,segerstolpe,0.6,2000-5000,0.907458895278794,52.6029877772748,scmap
xin,segerstolpe,0.6,200-500,0.716602943013725,23.947487550928,scmap
xin,segerstolpe,0.6,0-100,0.530753338967263,3.93843368039837,scmap
xin,segerstolpe,0.6,500-1000,0.736445479404695,26.1656858306926,scmap
xin,segerstolpe,0.7,100-200,0.651101546904922,22.181982797646,scmap
xin,segerstolpe,0.7,1000-2000,0.916214705794101,52.9651425984608,scmap
xin,segerstolpe,0.7,ALL,0,100,scmap
xin,segerstolpe,0.7,2000-5000,0,100,scmap
xin,segerstolpe,0.7,200-500,0.717533410080585,26.4825712992304,scmap
xin,segerstolpe,0.7,0-100,0.536172759917203,5.11543684925306,scmap
xin,segerstolpe,0.7,500-1000,0.725233885582345,31.8243549117248,scmap
xin,segerstolpe,0.8,100-200,0.650923964129973,27.6143051154368,scmap
xin,segerstolpe,0.8,1000-2000,0,100,scmap
xin,segerstolpe,0.8,ALL,0,100,scmap
xin,segerstolpe,0.8,2000-5000,0,100,scmap
xin,segerstolpe,0.8,200-500,0.676303862279751,41.4667270258035,scmap
xin,segerstolpe,0.8,0-100,0.535141595477732,9.46129470348574,scmap
xin,segerstolpe,0.8,500-1000,0.860641589138096,67.3155273879584,scmap
xin,segerstolpe,0.9,100-200,0.86498099487688,64.961521050249,scmap
xin,segerstolpe,0.9,1000-2000,0,100,scmap
xin,segerstolpe,0.9,ALL,0,100,scmap
xin,segerstolpe,0.9,2000-5000,0,100,scmap
xin,segerstolpe,0.9,200-500,0,99.3662290629244,scmap
xin,segerstolpe,0.9,0-100,0.658477609165485,46.9895880488909,scmap
xin,segerstolpe,0.9,500-1000,0,100,scmap
segerstolpe,xin,0.5,100-200,0.96564212780831,0.46916890080429,scmap
segerstolpe,xin,0.5,1000-2000,0.990109975017385,0.268096514745308,scmap
segerstolpe,xin,0.5,ALL,0.744435829732323,1.27345844504021,scmap
segerstolpe,xin,0.5,200-500,0.969397405983741,0.0670241286863271,scmap
segerstolpe,xin,0.5,2000-5000,0.988878192094147,0.201072386058981,scmap
segerstolpe,xin,0.5,0-100,0.880579139506829,0.670241286863271,scmap
segerstolpe,xin,0.5,500-1000,0.981530607013325,0.201072386058981,scmap
segerstolpe,xin,0.6,100-200,0.966777653966876,0.603217158176944,scmap
segerstolpe,xin,0.6,1000-2000,0.992510723397571,0.938337801608579,scmap
segerstolpe,xin,0.6,ALL,0.720775318540643,12.8016085790885,scmap
segerstolpe,xin,0.6,200-500,0.971786092661764,0.201072386058981,scmap
segerstolpe,xin,0.6,2000-5000,0.989916943836001,1.80965147453083,scmap
segerstolpe,xin,0.6,0-100,0.884702119547004,0.938337801608579,scmap
segerstolpe,xin,0.6,500-1000,0.982725930769301,0.335120643431635,scmap
segerstolpe,xin,0.7,100-200,0.967799101838613,1.07238605898123,scmap
segerstolpe,xin,0.7,1000-2000,0.993277799434421,7.30563002680965,scmap
segerstolpe,xin,0.7,ALL,0.32572735357642,83.3780160857909,scmap
segerstolpe,xin,0.7,200-500,0.976490900848174,0.670241286863271,scmap
segerstolpe,xin,0.7,2000-5000,0.990544727033402,19.4369973190349,scmap
segerstolpe,xin,0.7,0-100,0.893329291624874,2.21179624664879,scmap
segerstolpe,xin,0.7,500-1000,0.986068813356149,2.27882037533512,scmap
segerstolpe,xin,0.8,100-200,0.974581439370294,6.63538873994638,scmap
segerstolpe,xin,0.8,1000-2000,0.992589080070451,63.3378016085791,scmap
segerstolpe,xin,0.8,ALL,0,100,scmap
segerstolpe,xin,0.8,200-500,0.983376255854349,9.18230563002681,scmap
segerstolpe,xin,0.8,2000-5000,1,94.1018766756032,scmap
segerstolpe,xin,0.8,0-100,0.908618035038076,5.96514745308311,scmap
segerstolpe,xin,0.8,500-1000,0.985618549633439,28.8203753351206,scmap
segerstolpe,xin,0.9,100-200,0.974538526253279,77.0107238605898,scmap
segerstolpe,xin,0.9,1000-2000,0,100,scmap
segerstolpe,xin,0.9,ALL,0,100,scmap
segerstolpe,xin,0.9,200-500,1,91.4879356568365,scmap
segerstolpe,xin,0.9,2000-5000,0,100,scmap
segerstolpe,xin,0.9,0-100,0.927571375351373,57.8418230563003,scmap
segerstolpe,xin,0.9,500-1000,1,99.597855227882,scmap
xin,muraro,0.5,ALL,0.496556945353245,0.987770460959548,scmap
xin,muraro,0.5,1000-2000,0.78313736889169,16.4158043273754,scmap
xin,muraro,0.5,100-200,0.667920929306477,13.4995296331138,scmap
xin,muraro,0.5,2000-5000,0.662785132338459,7.33772342427093,scmap
xin,muraro,0.5,200-500,0.80471285323171,18.1091251175917,scmap
xin,muraro,0.5,500-1000,0.892791484007828,23.8476011288805,scmap
xin,muraro,0.5,0-100,0.565154901843285,2.11665098777046,scmap
xin,muraro,0.6,ALL,0.616508188498068,25.1175917215428,scmap
xin,muraro,0.6,1000-2000,0.812603939169288,24.2238946378175,scmap
xin,muraro,0.6,100-200,0.678111116836448,15.098777046096,scmap
xin,muraro,0.6,2000-5000,0.824583257006778,46.3781749764817,scmap
xin,muraro,0.6,200-500,0.808772595744856,20.5079962370649,scmap
xin,muraro,0.6,500-1000,0.909472402104674,27.516462841016,scmap
xin,muraro,0.6,0-100,0.57060448644377,3.38664158043274,scmap
xin,muraro,0.7,ALL,0.631578947368421,99.3414863593603,scmap
xin,muraro,0.7,1000-2000,0.962454990626147,64.3932267168391,scmap
xin,muraro,0.7,100-200,0.698752927484248,25.964252116651,scmap
xin,muraro,0.7,2000-5000,0,100,scmap
xin,muraro,0.7,200-500,0.836089058625489,36.3593603010348,scmap
xin,muraro,0.7,500-1000,0.945535460859972,46.8485418626529,scmap
xin,muraro,0.7,0-100,0.592463767633667,15.2869238005644,scmap
xin,muraro,0.8,ALL,0,100,scmap
xin,muraro,0.8,1000-2000,0,100,scmap
xin,muraro,0.8,100-200,0.778515017097365,62.5117591721543,scmap
xin,muraro,0.8,2000-5000,0,100,scmap
xin,muraro,0.8,200-500,0.931026908292147,77.8457196613358,scmap
xin,muraro,0.8,500-1000,0.891405805350028,92.5211665098777,scmap
xin,muraro,0.8,0-100,0.624927817812158,54.7036688617121,scmap
xin,muraro,0.9,ALL,0,100,scmap
xin,muraro,0.9,1000-2000,0,100,scmap
xin,muraro,0.9,100-200,0.929292929292929,98.6829727187206,scmap
xin,muraro,0.9,2000-5000,0,100,scmap
xin,muraro,0.9,200-500,0,100,scmap
xin,muraro,0.9,500-1000,0,100,scmap
xin,muraro,0.9,0-100,0.743190661478599,97.9303857008467,scmap
muraro,xin,0.5,ALL,0.881564367424357,1.13941018766756,scmap
muraro,xin,0.5,100-200,0.992588278278419,0.0670241286863271,scmap
muraro,xin,0.5,1000-2000,0.992427865796114,1.13941018766756,scmap
muraro,xin,0.5,2000-5000,0.960467010185587,7.57372654155496,scmap
muraro,xin,0.5,200-500,0.993810951960211,0,scmap
muraro,xin,0.5,0-100,0.988891548879256,0.134048257372654,scmap
muraro,xin,0.5,500-1000,0.99254790720394,0.134048257372654,scmap
muraro,xin,0.6,ALL,0.892351025437902,18.029490616622,scmap
muraro,xin,0.6,100-200,0.993810898637566,0.201072386058981,scmap
muraro,xin,0.6,1000-2000,0.991784423266513,7.84182305630027,scmap
muraro,xin,0.6,2000-5000,0.962232229721048,44.8391420911528,scmap
muraro,xin,0.6,200-500,0.99501822008792,0.536193029490617,scmap
muraro,xin,0.6,0-100,0.988880213152067,0.201072386058981,scmap
muraro,xin,0.6,500-1000,0.993629417874432,2.07774798927614,scmap
muraro,xin,0.7,ALL,1,99.597855227882,scmap
muraro,xin,0.7,100-200,0.993753650052053,1.07238605898123,scmap
muraro,xin,0.7,1000-2000,1,70.1742627345844,scmap
muraro,xin,0.7,2000-5000,1,99.3297587131367,scmap
muraro,xin,0.7,200-500,0.994720861352756,5.02680965147453,scmap
muraro,xin,0.7,0-100,0.992556247947955,0.46916890080429,scmap
muraro,xin,0.7,500-1000,0.99285162699265,26.9436997319035,scmap
muraro,xin,0.8,ALL,0,100,scmap
muraro,xin,0.8,100-200,0.997070832593645,13.7399463806971,scmap
muraro,xin,0.8,1000-2000,0,100,scmap
muraro,xin,0.8,2000-5000,0,100,scmap
muraro,xin,0.8,200-500,1,67.426273458445,scmap
muraro,xin,0.8,0-100,0.994817420387216,3.61930294906166,scmap
muraro,xin,0.8,500-1000,1,98.8605898123324,scmap
muraro,xin,0.9,ALL,0,100,scmap
muraro,xin,0.9,100-200,1,99.1957104557641,scmap
muraro,xin,0.9,1000-2000,0,100,scmap
muraro,xin,0.9,2000-5000,0,100,scmap
muraro,xin,0.9,200-500,0,100,scmap
muraro,xin,0.9,0-100,1,71.6487935656836,scmap
muraro,xin,0.9,500-1000,0,100,scmap
muraro,baron-human,0.5,ALL,0.883096840981711,12.6035710117867,scmap
muraro,baron-human,0.5,100-200,0.864524198484276,2.19395495390361,scmap
muraro,baron-human,0.5,1000-2000,0.894554360323857,15.684443925779,scmap
muraro,baron-human,0.5,2000-5000,0.875267468021174,45.4312055082273,scmap
muraro,baron-human,0.5,200-500,0.885839157383058,3.95612090092193,scmap
muraro,baron-human,0.5,0-100,0.852764548623391,1.51709651067803,scmap
muraro,baron-human,0.5,500-1000,0.891127397455444,7.36375306336795,scmap
muraro,baron-human,0.6,ALL,0.85361612997825,68.246003034193,scmap
muraro,baron-human,0.6,100-200,0.885485735629944,8.83416968140973,scmap
muraro,baron-human,0.6,1000-2000,0.865942755805542,60.9639397829385,scmap
muraro,baron-human,0.6,2000-5000,0.611973412138477,92.4962072587233,scmap
muraro,baron-human,0.6,200-500,0.902324934005476,18.9403664371572,scmap
muraro,baron-human,0.6,0-100,0.871365786262744,5.41486754580465,scmap
muraro,baron-human,0.6,500-1000,0.897030654226479,35.5233982961839,scmap
muraro,baron-human,0.7,ALL,0.324052590873937,99.5565410199557,scmap
muraro,baron-human,0.7,100-200,0.912342929281627,32.71093476485,scmap
muraro,baron-human,0.7,1000-2000,0.477320998725634,97.362586066052,scmap
muraro,baron-human,0.7,2000-5000,0,99.8949702415684,scmap
muraro,baron-human,0.7,200-500,0.883426541584449,63.0178550589334,scmap
muraro,baron-human,0.7,0-100,0.904971731454538,19.9323141556774,scmap
muraro,baron-human,0.7,500-1000,0.764405905319275,86.392811296534,scmap
muraro,baron-human,0.8,ALL,0,100,scmap
muraro,baron-human,0.8,100-200,0.860589378475472,84.677325242152,scmap
muraro,baron-human,0.8,1000-2000,0,100,scmap
muraro,baron-human,0.8,2000-5000,0,100,scmap
muraro,baron-human,0.8,200-500,0.630531609195402,98.3778737308904,scmap
muraro,baron-human,0.8,0-100,0.915418911232308,62.5043762399346,scmap
muraro,baron-human,0.8,500-1000,0.318181818181818,99.9416501342047,scmap
muraro,baron-human,0.9,ALL,0,100,scmap
muraro,baron-human,0.9,100-200,0.333333333333333,99.9766600536819,scmap
muraro,baron-human,0.9,1000-2000,0,100,scmap
muraro,baron-human,0.9,2000-5000,0,100,scmap
muraro,baron-human,0.9,200-500,0,100,scmap
muraro,baron-human,0.9,0-100,0.360842844600527,99.3931613957288,scmap
muraro,baron-human,0.9,500-1000,0,100,scmap
baron-human,muraro,0.5,ALL,0.801489742914733,22.7187206020696,scmap
baron-human,muraro,0.5,100-200,0.886765112100867,0.188146754468485,scmap
baron-human,muraro,0.5,1000-2000,0.852274173956141,2.6340545625588,scmap
baron-human,muraro,0.5,200-500,0.880160996403296,0.141110065851364,scmap
baron-human,muraro,0.5,2000-5000,0.777294361371775,40.4985888993415,scmap
baron-human,muraro,0.5,0-100,0.882472624191299,0.282220131702728,scmap
baron-human,muraro,0.5,500-1000,0.871108949416342,0.517403574788335,scmap
baron-human,muraro,0.6,ALL,0.34375,99.3414863593603,scmap
baron-human,muraro,0.6,100-200,0.888133099649676,0.517403574788335,scmap
baron-human,muraro,0.6,1000-2000,0.830091001853356,28.5512699905927,scmap
baron-human,muraro,0.6,200-500,0.8791717794537,2.25776105362183,scmap
baron-human,muraro,0.6,2000-5000,0.135135135135135,98.4948259642521,scmap
baron-human,muraro,0.6,0-100,0.882657183535307,0.611476952022578,scmap
baron-human,muraro,0.6,500-1000,0.869941481385249,4.65663217309501,scmap
baron-human,muraro,0.7,ALL,0,100,scmap
baron-human,muraro,0.7,100-200,0.896278275204233,2.72812793979304,scmap
baron-human,muraro,0.7,1000-2000,0.0416666666666667,96.7544684854186,scmap
baron-human,muraro,0.7,200-500,0.890827166690143,7.85512699905927,scmap
baron-human,muraro,0.7,2000-5000,0,100,scmap
baron-human,muraro,0.7,0-100,0.893413906782998,2.68109125117592,scmap
baron-human,muraro,0.7,500-1000,0.850978782247958,41.0159924741298,scmap
baron-human,muraro,0.8,ALL,0,100,scmap
baron-human,muraro,0.8,100-200,0.93070019164473,31.3734713076199,scmap
baron-human,muraro,0.8,1000-2000,0,100,scmap
baron-human,muraro,0.8,200-500,0.703658699227954,85.7478833490122,scmap
baron-human,muraro,0.8,2000-5000,0,100,scmap
baron-human,muraro,0.8,0-100,0.955915416881805,21.1194731890875,scmap
baron-human,muraro,0.8,500-1000,0.0666666666666667,99.3414863593603,scmap
baron-human,muraro,0.9,ALL,0,100,scmap
baron-human,muraro,0.9,100-200,0,100,scmap
baron-human,muraro,0.9,1000-2000,0,100,scmap
baron-human,muraro,0.9,200-500,0,100,scmap
baron-human,muraro,0.9,2000-5000,0,100,scmap
baron-human,muraro,0.9,0-100,1,97.8363123236124,scmap
baron-human,muraro,0.9,500-1000,0,100,scmap
segerstolpe,baron-human,0.5,100-200,0.818833928913147,2.03057532967674,scmap
segerstolpe,baron-human,0.5,ALL,0.852737625206618,32.6759248453729,scmap
segerstolpe,baron-human,0.5,1000-2000,0.852843967195714,2.41568444392578,scmap
segerstolpe,baron-human,0.5,2000-5000,0.856164816166165,5.83498657953087,scmap
segerstolpe,baron-human,0.5,200-500,0.835134771917882,2.39234449760766,scmap
segerstolpe,baron-human,0.5,500-1000,0.848970370018906,1.54043645699615,scmap
segerstolpe,baron-human,0.5,0-100,0.684566795363066,2.50904422919827,scmap
segerstolpe,baron-human,0.6,100-200,0.822930293194789,2.99918310187887,scmap
segerstolpe,baron-human,0.6,ALL,0.774108322324967,92.2394678492239,scmap
segerstolpe,baron-human,0.6,1000-2000,0.874386657707471,22.686427821216,scmap
segerstolpe,baron-human,0.6,2000-5000,0.879223151066913,40.2030575329677,scmap
segerstolpe,baron-human,0.6,200-500,0.841008455919234,3.96779087408099,scmap
segerstolpe,baron-human,0.6,500-1000,0.85955486639632,9.80277745361186,scmap
segerstolpe,baron-human,0.6,0-100,0.689726304383093,3.79274127669506,scmap
segerstolpe,baron-human,0.7,100-200,0.848848158856946,16.1862527716186,scmap
segerstolpe,baron-human,0.7,ALL,0,99.9883300268409,scmap
segerstolpe,baron-human,0.7,1000-2000,0.824956195727064,78.3171898704633,scmap
segerstolpe,baron-human,0.7,2000-5000,0.79351980060925,94.5617925078772,scmap
segerstolpe,baron-human,0.7,200-500,0.868325615724349,28.7198039444509,scmap
segerstolpe,baron-human,0.7,500-1000,0.869851981157729,49.7841054965574,scmap
segerstolpe,baron-human,0.7,0-100,0.721170102986492,14.9025557241218,scmap
segerstolpe,baron-human,0.8,100-200,0.853568664400848,66.1454078655619,scmap
segerstolpe,baron-human,0.8,ALL,0,100,scmap
segerstolpe,baron-human,0.8,1000-2000,0.428571428571429,99.9533201073638,scmap
segerstolpe,baron-human,0.8,2000-5000,0,100,scmap
segerstolpe,baron-human,0.8,200-500,0.814386330602383,86.206091725989,scmap
segerstolpe,baron-human,0.8,500-1000,0.829636621047664,98.2261640798226,scmap
segerstolpe,baron-human,0.8,0-100,0.834690603233057,59.1550939432839,scmap
segerstolpe,baron-human,0.9,100-200,1,99.813280429455,scmap
segerstolpe,baron-human,0.9,ALL,0,100,scmap
segerstolpe,baron-human,0.9,1000-2000,0,100,scmap
segerstolpe,baron-human,0.9,2000-5000,0,100,scmap
segerstolpe,baron-human,0.9,200-500,0,100,scmap
segerstolpe,baron-human,0.9,500-1000,0,100,scmap
segerstolpe,baron-human,0.9,0-100,0.84755663199886,98.7513128719804,scmap
baron-human,segerstolpe,0.5,ALL,0.333333333333333,99.7283838841105,scmap
baron-human,segerstolpe,0.5,100-200,0.876047391130065,0.135808057944771,scmap
baron-human,segerstolpe,0.5,1000-2000,0.838994802527813,8.19375282933454,scmap
baron-human,segerstolpe,0.5,200-500,0.861866956946093,0.362154821186057,scmap
baron-human,segerstolpe,0.5,2000-5000,0.33677863910422,93.662290629244,scmap
baron-human,segerstolpe,0.5,0-100,0.883142409523699,0.226346763241286,scmap
baron-human,segerstolpe,0.5,500-1000,0.854040529125333,1.22227252150294,scmap
baron-human,segerstolpe,0.6,ALL,0,100,scmap
baron-human,segerstolpe,0.6,100-200,0.879476413929365,0.588501584427343,scmap
baron-human,segerstolpe,0.6,1000-2000,0.219906803777735,77.5916704391127,scmap
baron-human,segerstolpe,0.6,200-500,0.869961199499984,1.76550475328203,scmap
baron-human,segerstolpe,0.6,2000-5000,0,100,scmap
baron-human,segerstolpe,0.6,0-100,0.88411845435113,0.362154821186057,scmap
baron-human,segerstolpe,0.6,500-1000,0.857725434842954,8.05794477138977,scmap
baron-human,segerstolpe,0.7,ALL,0,100,scmap
baron-human,segerstolpe,0.7,100-200,0.893072953265248,3.44047080126754,scmap
baron-human,segerstolpe,0.7,1000-2000,0,100,scmap
baron-human,segerstolpe,0.7,200-500,0.88127532799171,9.23494794024445,scmap
baron-human,segerstolpe,0.7,2000-5000,0,100,scmap
baron-human,segerstolpe,0.7,0-100,0.890501202832231,1.62969669533726,scmap
baron-human,segerstolpe,0.7,500-1000,0.296333993711263,80.3078315980081,scmap
baron-human,segerstolpe,0.8,ALL,0,100,scmap
baron-human,segerstolpe,0.8,100-200,0.945794731614923,28.7460389316433,scmap
baron-human,segerstolpe,0.8,1000-2000,0,100,scmap
baron-human,segerstolpe,0.8,200-500,0.550114571840788,87.3698506111363,scmap
baron-human,segerstolpe,0.8,2000-5000,0,100,scmap
baron-human,segerstolpe,0.8,0-100,0.936112289513082,13.3091896785876,scmap
baron-human,segerstolpe,0.8,500-1000,0,100,scmap
baron-human,segerstolpe,0.9,ALL,0,100,scmap
baron-human,segerstolpe,0.9,100-200,0,100,scmap
baron-human,segerstolpe,0.9,1000-2000,0,100,scmap
baron-human,segerstolpe,0.9,200-500,0,100,scmap
baron-human,segerstolpe,0.9,2000-5000,0,100,scmap
baron-human,segerstolpe,0.9,0-100,1,92.7116342236306,scmap
baron-human,segerstolpe,0.9,500-1000,0,100,scmap
xin,baron-human,0.5,1000-2000,0.793056058749631,42.3736725405532,scmap
xin,baron-human,0.5,ALL,0.619611237622391,30.9487688178317,scmap
xin,baron-human,0.5,100-200,0.609375124101141,14.2373672540553,scmap
xin,baron-human,0.5,2000-5000,0.890610410455074,69.4713502158945,scmap
xin,baron-human,0.5,200-500,0.706306276077311,25.335511728323,scmap
xin,baron-human,0.5,500-1000,0.760671444410097,32.9209942817131,scmap
xin,baron-human,0.5,0-100,0.557544182945425,6.57019488855176,scmap
xin,baron-human,0.6,1000-2000,0.943558962977908,91.2942000233399,scmap
xin,baron-human,0.6,ALL,0.819513614264159,85.4708834169681,scmap
xin,baron-human,0.6,100-200,0.753418434832809,53.4368070953437,scmap
xin,baron-human,0.6,2000-5000,1,99.1831018788657,scmap
xin,baron-human,0.6,200-500,0.843624861538699,70.0198389543704,scmap
xin,baron-human,0.6,500-1000,0.898958636897139,79.390827401097,scmap
xin,baron-human,0.6,0-100,0.667525259589762,36.6437157194538,scmap
xin,baron-human,0.7,1000-2000,1,99.9766600536819,scmap
xin,baron-human,0.7,ALL,1,99.9766600536819,scmap
xin,baron-human,0.7,100-200,0.843318048362089,95.1803010853075,scmap
xin,baron-human,0.7,2000-5000,0,100,scmap
xin,baron-human,0.7,200-500,0.812865497076023,99.0664021472751,scmap
xin,baron-human,0.7,500-1000,1,99.6965806978644,scmap
xin,baron-human,0.7,0-100,0.809636152673553,88.0382775119617,scmap
xin,baron-human,0.8,1000-2000,0,100,scmap
xin,baron-human,0.8,ALL,0,100,scmap
xin,baron-human,0.8,100-200,0,100,scmap
xin,baron-human,0.8,2000-5000,0,100,scmap
xin,baron-human,0.8,200-500,0,100,scmap
xin,baron-human,0.8,500-1000,0,100,scmap
xin,baron-human,0.8,0-100,1,99.9299801610456,scmap
xin,baron-human,0.9,1000-2000,0,100,scmap
xin,baron-human,0.9,ALL,0,100,scmap
xin,baron-human,0.9,100-200,0,100,scmap
xin,baron-human,0.9,2000-5000,0,100,scmap
xin,baron-human,0.9,200-500,0,100,scmap
xin,baron-human,0.9,500-1000,0,100,scmap
xin,baron-human,0.9,0-100,0,100,scmap
baron-human,xin,0.5,ALL,0.916767189384801,95.3753351206434,scmap
baron-human,xin,0.5,100-200,0.986367250792679,0.134048257372654,scmap
baron-human,xin,0.5,1000-2000,0.985685966537345,2.54691689008043,scmap
baron-human,xin,0.5,200-500,0.992568131690114,0.0670241286863271,scmap
baron-human,xin,0.5,2000-5000,0,100,scmap
baron-human,xin,0.5,0-100,0.910681792135559,0.536193029490617,scmap
baron-human,xin,0.5,500-1000,0.993781660701683,0.201072386058981,scmap
baron-human,xin,0.6,ALL,0,100,scmap
baron-human,xin,0.6,100-200,0.987588946577458,0.201072386058981,scmap
baron-human,xin,0.6,1000-2000,1,99.4638069705094,scmap
baron-human,xin,0.6,200-500,0.995019693478377,0.335120643431635,scmap
baron-human,xin,0.6,2000-5000,0,100,scmap
baron-human,xin,0.6,0-100,0.910204621384319,0.871313672922252,scmap
baron-human,xin,0.6,500-1000,0.994578851202674,5.09383378016086,scmap
baron-human,xin,0.7,ALL,0,100,scmap
baron-human,xin,0.7,100-200,0.989774951076321,1.94369973190349,scmap
baron-human,xin,0.7,1000-2000,0,100,scmap
baron-human,xin,0.7,200-500,0.993583063675753,13.7399463806971,scmap
baron-human,xin,0.7,2000-5000,0,100,scmap
baron-human,xin,0.7,0-100,0.909678527270229,2.07774798927614,scmap
baron-human,xin,0.7,500-1000,1,99.597855227882,scmap
baron-human,xin,0.8,ALL,0,100,scmap
baron-human,xin,0.8,100-200,1,45.2412868632708,scmap
baron-human,xin,0.8,1000-2000,0,100,scmap
baron-human,xin,0.8,200-500,0,100,scmap
baron-human,xin,0.8,2000-5000,0,100,scmap
baron-human,xin,0.8,0-100,0.95393761093146,15.3485254691689,scmap
baron-human,xin,0.8,500-1000,0,100,scmap
baron-human,xin,0.9,ALL,0,100,scmap
baron-human,xin,0.9,100-200,0,100,scmap
baron-human,xin,0.9,1000-2000,0,100,scmap
baron-human,xin,0.9,200-500,0,100,scmap
baron-human,xin,0.9,2000-5000,0,100,scmap
baron-human,xin,0.9,0-100,1,95.8445040214477,scmap
baron-human,xin,0.9,500-1000,0,100,scmap
shekhar,macosko,0.5,0-100,0.780923567033866,9.61881806820211,scmap
shekhar,macosko,0.5,1000-2000,0.793352875173173,46.1658632387074,scmap
shekhar,macosko,0.5,100-200,0.864696371976509,20.9292983395822,scmap
shekhar,macosko,0.5,2000-5000,0.671543715316632,83.3221746116765,scmap
shekhar,macosko,0.5,200-500,0.855456134660821,16.5327620067845,scmap
shekhar,macosko,0.5,500-1000,0.838116063539536,27.7495090162471,scmap
shekhar,macosko,0.6,0-100,0.836253048277293,24.2970005356186,scmap
shekhar,macosko,0.6,1000-2000,0.612749969369131,86.321638993037,scmap
shekhar,macosko,0.6,100-200,0.920191722164834,52.5419567934297,scmap
shekhar,macosko,0.6,2000-5000,0.134023469547663,98.6297089805392,scmap
shekhar,macosko,0.6,200-500,0.86888440532485,40.6378325299054,scmap
shekhar,macosko,0.6,500-1000,0.784845250973662,64.3300303517229,scmap
shekhar,macosko,0.7,0-100,0.893063160680032,52.1625602570969,scmap
shekhar,macosko,0.7,1000-2000,0.104140801869569,99.0559721478307,scmap
shekhar,macosko,0.7,100-200,0.935327326908355,82.5031244420639,scmap
shekhar,macosko,0.7,2000-5000,0,99.9620603463667,scmap
shekhar,macosko,0.7,200-500,0.823809754964793,81.3069094804499,scmap
shekhar,macosko,0.7,500-1000,0.652423452276125,95.7217461167649,scmap
shekhar,macosko,0.8,0-100,0.927392940876928,83.6480092840564,scmap
shekhar,macosko,0.8,1000-2000,0,99.9955365113373,scmap
shekhar,macosko,0.8,100-200,0.90636092817276,97.3843956436351,scmap
shekhar,macosko,0.8,2000-5000,0,100,scmap
shekhar,macosko,0.8,500-1000,0,99.9509016247099,scmap
shekhar,macosko,0.9,0-100,0.990565640399276,99.0001785395465,scmap
shekhar,macosko,0.9,1000-2000,0,100,scmap
shekhar,macosko,0.9,2000-5000,0,100,scmap
macosko,shekhar,0.5,100-200,0.789146183008888,0.0836394050692753,scmap
macosko,shekhar,0.5,200-500,0.766957077271331,0.112731372049893,scmap
macosko,shekhar,0.5,200-500,0.76706162128518,0.112731372049893,scmap
macosko,shekhar,0.5,200-500,0.767212111763245,0.105458380304738,scmap
macosko,shekhar,0.5,200-500,0.767656366762425,0.105458380304738,scmap
macosko,shekhar,0.5,0-100,0.719622528979631,0.472744463435034,scmap
macosko,shekhar,0.6,100-200,0.792689826691044,0.512745918033383,scmap
macosko,shekhar,0.6,200-500,0.772735884128494,0.858213025928215,scmap
macosko,shekhar,0.6,200-500,0.772629653423757,0.858213025928215,scmap
macosko,shekhar,0.6,200-500,0.772886274503183,0.854576530055638,scmap
macosko,shekhar,0.6,200-500,0.773439253953437,0.869122513545947,scmap
macosko,shekhar,0.6,0-100,0.722281328880726,0.738208662133168,scmap
macosko,shekhar,0.7,100-200,0.829822430485406,6.46568966144223,scmap
macosko,shekhar,0.7,200-500,0.825360881090097,8.76759154878359,scmap
macosko,shekhar,0.7,200-500,0.825475412424074,8.79304701989163,scmap
macosko,shekhar,0.7,200-500,0.826090722302266,8.83668497036256,scmap
macosko,shekhar,0.7,200-500,0.827031959658321,9.13851412778646,scmap
macosko,shekhar,0.7,0-100,0.749360733064446,4.16378777410088,scmap
macosko,shekhar,0.8,100-200,0.953717588081832,37.292265173279,scmap
macosko,shekhar,0.8,200-500,0.963137541418144,41.4996908978508,scmap
macosko,shekhar,0.8,200-500,0.963475331198608,41.5833303029201,scmap
macosko,shekhar,0.8,200-500,0.964299760782597,41.9506163860504,scmap
macosko,shekhar,0.8,200-500,0.964881243582396,42.4597258082112,scmap
macosko,shekhar,0.8,0-100,0.883865774793797,27.5319102512819,scmap
macosko,shekhar,0.9,100-200,0.954922242372691,94.1634241245136,scmap
macosko,shekhar,0.9,200-500,0.960327821293879,96.0216735154006,scmap
macosko,shekhar,0.9,200-500,0.957302280446385,96.1598603585585,scmap
macosko,shekhar,0.9,200-500,0.962843115376032,96.3671406232954,scmap
macosko,shekhar,0.9,0-100,0.973653865662264,87.9886541328776,scmap
muraro,segerstolpe,0.5,0-100,0.904293684704579,2.89723856948846,SVM
muraro,segerstolpe,0.5,ALL,0.901645633087123,2.98777727478497,SVM
muraro,segerstolpe,0.5,1000-2000,0.902010573019302,0.679040289723857,SVM
muraro,segerstolpe,0.5,100-200,0.909153936001012,2.26346763241286,SVM
muraro,segerstolpe,0.5,2000-5000,0.905363893944236,1.13173381620643,SVM
muraro,segerstolpe,0.5,200-500,0.896860235231043,1.40334993209597,SVM
muraro,segerstolpe,0.5,500-1000,0.909030566616825,0.814848347668628,SVM
muraro,segerstolpe,0.6,0-100,0.915370233317894,4.48166591217746,SVM
muraro,segerstolpe,0.6,ALL,0.915004357392883,2.26346763241286,SVM
muraro,segerstolpe,0.6,1000-2000,0.91163297913657,1.584427342689,SVM
muraro,segerstolpe,0.6,100-200,0.912186463501494,3.34993209597103,SVM
muraro,segerstolpe,0.6,2000-5000,0.909114600942142,1.99185151652331,SVM
muraro,segerstolpe,0.6,200-500,0.907103463002643,2.30873698506111,SVM
muraro,segerstolpe,0.6,500-1000,0.914038725046415,2.17292892711634,SVM
muraro,segerstolpe,0.7,0-100,0.924903071672778,6.15663196016297,SVM
muraro,segerstolpe,0.7,ALL,0.916846270145077,4.25531914893617,SVM
muraro,segerstolpe,0.7,1000-2000,0.919515308742696,3.75735626980534,SVM
muraro,segerstolpe,0.7,100-200,0.916718650680448,4.21004979628791,SVM
muraro,segerstolpe,0.7,2000-5000,0.91695899810317,2.62562245359891,SVM
muraro,segerstolpe,0.7,200-500,0.912340485397815,3.57627885921231,SVM
muraro,segerstolpe,0.7,500-1000,0.919158524615339,3.57627885921231,SVM
muraro,segerstolpe,0.8,0-100,0.929732499972147,8.42009959257583,SVM
muraro,segerstolpe,0.8,ALL,0.920021686356294,6.83567224988683,SVM
muraro,segerstolpe,0.8,1000-2000,0.925124895070869,4.34585785423269,SVM
muraro,segerstolpe,0.8,100-200,0.923355193285956,6.24717066545948,SVM
muraro,segerstolpe,0.8,2000-5000,0.924769938242303,3.98370303304663,SVM
muraro,segerstolpe,0.8,200-500,0.921635395444259,5.93028519692168,SVM
muraro,segerstolpe,0.8,500-1000,0.923484645709622,4.70801267541874,SVM
muraro,segerstolpe,0.9,0-100,0.936807577842491,11.5889542779538,SVM
muraro,segerstolpe,0.9,ALL,0.927847440666849,6.9714803078316,SVM
muraro,segerstolpe,0.9,1000-2000,0.928281998252295,7.42417383431417,SVM
muraro,segerstolpe,0.9,100-200,0.92913290917857,9.506564056134,SVM
muraro,segerstolpe,0.9,2000-5000,0.929531615615944,5.52286102308737,SVM
muraro,segerstolpe,0.9,200-500,0.928564866628266,9.00860117700317,SVM
muraro,segerstolpe,0.9,500-1000,0.926335331247017,7.37890448166591,SVM
segerstolpe,muraro,0.5,ALL,0.0440904541847778,20.4139228598307,SVM
segerstolpe,muraro,0.5,100-200,0.0408909162535645,11.5710253998119,SVM
segerstolpe,muraro,0.5,1000-2000,0.0293305805914347,12.2295390404516,SVM
segerstolpe,muraro,0.5,2000-5000,0.0490775474579385,18.1561618062088,SVM
segerstolpe,muraro,0.5,200-500,0.021958658842194,7.76105362182502,SVM
segerstolpe,muraro,0.5,500-1000,0.0241926573894911,9.73659454374412,SVM
segerstolpe,muraro,0.5,0-100,0.0271688138619588,13.4524929444967,SVM
segerstolpe,muraro,0.6,ALL,0.0307466442543563,32.3612417685795,SVM
segerstolpe,muraro,0.6,100-200,0.0198901964612833,19.0968955785513,SVM
segerstolpe,muraro,0.6,1000-2000,0.0177379788019382,19.1439322671684,SVM
segerstolpe,muraro,0.6,2000-5000,0.0286968300135452,27.0931326434619,SVM
segerstolpe,muraro,0.6,200-500,0.00906553556124783,13.6876763875823,SVM
segerstolpe,muraro,0.6,500-1000,0.0147160929121435,16.650987770461,SVM
segerstolpe,muraro,0.6,0-100,0.0104640013340559,21.1194731890875,SVM
segerstolpe,muraro,0.7,ALL,0.0195079158708835,41.7215428033866,SVM
segerstolpe,muraro,0.7,100-200,0.00790765194746896,25.7761053621825,SVM
segerstolpe,muraro,0.7,1000-2000,0.0091082661213303,26.1523988711195,SVM
segerstolpe,muraro,0.7,2000-5000,0.0208171832767842,37.7704609595484,SVM
segerstolpe,muraro,0.7,200-500,0.0046613050555277,19.7083725305738,SVM
segerstolpe,muraro,0.7,500-1000,0.00716660185969778,23.0950141110066,SVM
segerstolpe,muraro,0.7,0-100,0.00711465262708548,30.2916274694262,SVM
segerstolpe,muraro,0.8,ALL,0.0112911503775937,57.7140169332079,SVM
segerstolpe,muraro,0.8,100-200,0.0043163888099827,37.4412041392286,SVM
segerstolpe,muraro,0.8,1000-2000,0.00462309764272211,36.9708372530574,SVM
segerstolpe,muraro,0.8,2000-5000,0.0112491263505329,54.0921919096896,SVM
segerstolpe,muraro,0.8,200-500,0.000949465796951426,28.1279397930386,SVM
segerstolpe,muraro,0.8,500-1000,0.00291527004337627,34.1956726246472,SVM
segerstolpe,muraro,0.8,0-100,0.00291781608767536,37.8174976481656,SVM
segerstolpe,muraro,0.9,ALL,0.0012269789591331,80.9031044214487,SVM
segerstolpe,muraro,0.9,100-200,0.00232749283700637,55.0799623706491,SVM
segerstolpe,muraro,0.9,1000-2000,0.000768912149498491,56.0206961429915,SVM
segerstolpe,muraro,0.9,2000-5000,0.0089090762056231,81.8438381937912,SVM
segerstolpe,muraro,0.9,200-500,0,39.0404515522107,SVM
segerstolpe,muraro,0.9,500-1000,0.000628393407521437,48.4007525870179,SVM
segerstolpe,muraro,0.9,0-100,0.00182142982241059,61.0536218250235,SVM
xin,segerstolpe,0.5,100-200,0.617580897228584,9.59710276143051,SVM
xin,segerstolpe,0.5,1000-2000,0.679799978738541,14.9841557265731,SVM
xin,segerstolpe,0.5,ALL,0.62768785310448,9.506564056134,SVM
xin,segerstolpe,0.5,2000-5000,0.633624726980172,10.1403349932096,SVM
xin,segerstolpe,0.5,200-500,0.621777356765224,10.7288365776369,SVM
xin,segerstolpe,0.5,0-100,0.561885363855742,2.62562245359891,SVM
xin,segerstolpe,0.5,500-1000,0.724573067930416,19.5563603440471,SVM
xin,segerstolpe,0.6,100-200,0.692519914784668,18.0172023540063,SVM
xin,segerstolpe,0.6,1000-2000,0.767552368556764,22.0914440923495,SVM
xin,segerstolpe,0.6,ALL,0.70099317606811,17.1570846536895,SVM
xin,segerstolpe,0.6,2000-5000,0.698914503723419,16.9307378904482,SVM
xin,segerstolpe,0.6,200-500,0.733578308712842,20.1448619284744,SVM
xin,segerstolpe,0.6,0-100,0.578236274697346,6.42824807605251,SVM
xin,segerstolpe,0.6,500-1000,0.831266399600631,26.4825712992304,SVM
xin,segerstolpe,0.7,100-200,0.748072208415792,23.3589859665007,SVM
xin,segerstolpe,0.7,1000-2000,0.857510258811456,28.1122679945677,SVM
xin,segerstolpe,0.7,ALL,0.76935126445666,23.0421004979629,SVM
xin,segerstolpe,0.7,2000-5000,0.777357079836329,23.6306020823902,SVM
xin,segerstolpe,0.7,200-500,0.841490997919117,27.2974196468991,SVM
xin,segerstolpe,0.7,0-100,0.590949476044361,10.5024898143957,SVM
xin,segerstolpe,0.7,500-1000,0.910787893230297,30.5568130375736,SVM
xin,segerstolpe,0.8,100-200,0.838751102937268,30.8736985061114,SVM
xin,segerstolpe,0.8,1000-2000,0.930584645472959,32.4128564961521,SVM
xin,segerstolpe,0.8,ALL,0.869748492965411,29.6966953372567,SVM
xin,segerstolpe,0.8,2000-5000,0.829752760623071,27.5690357627886,SVM
xin,segerstolpe,0.8,200-500,0.916448888411746,31.4169307378904,SVM
xin,segerstolpe,0.8,0-100,0.632134953218732,17.4739701222273,SVM
xin,segerstolpe,0.8,500-1000,0.942881063807602,32.5486645540969,SVM
xin,segerstolpe,0.9,100-200,0.927592579481007,38.5694884563151,SVM
xin,segerstolpe,0.9,1000-2000,0.973387668681056,35.4459031235853,SVM
xin,segerstolpe,0.9,ALL,0.95653838430507,34.857401539158,SVM
xin,segerstolpe,0.9,2000-5000,0.934010239013874,33.6803983703033,SVM
xin,segerstolpe,0.9,200-500,0.960488938196182,34.6310547759167,SVM
xin,segerstolpe,0.9,0-100,0.65025942952659,23.766410140335,SVM
xin,segerstolpe,0.9,500-1000,0.967331436235467,34.9026708918062,SVM
segerstolpe,xin,0.5,100-200,0.94533871370252,7.37265415549598,SVM
segerstolpe,xin,0.5,1000-2000,0.964522171016165,3.01608579088472,SVM
segerstolpe,xin,0.5,ALL,0.974691290796031,1.87667560321716,SVM
segerstolpe,xin,0.5,200-500,0.956927153576339,3.48525469168901,SVM
segerstolpe,xin,0.5,2000-5000,0.969838357271349,1.80965147453083,SVM
segerstolpe,xin,0.5,0-100,0.917807474244972,10.3217158176944,SVM
segerstolpe,xin,0.5,500-1000,0.966890425389015,3.41823056300268,SVM
segerstolpe,xin,0.6,100-200,0.960981451328044,13.2707774798928,SVM
segerstolpe,xin,0.6,1000-2000,0.976099483347094,5.89812332439678,SVM
segerstolpe,xin,0.6,ALL,0.983133512925601,3.41823056300268,SVM
segerstolpe,xin,0.6,200-500,0.977328186100933,7.10455764075067,SVM
segerstolpe,xin,0.6,2000-5000,0.975303158013548,4.28954423592493,SVM
segerstolpe,xin,0.6,0-100,0.950113885667174,15.5495978552279,SVM
segerstolpe,xin,0.6,500-1000,0.976161142756956,5.83109919571046,SVM
segerstolpe,xin,0.7,100-200,0.983264916260819,20.0402144772118,SVM
segerstolpe,xin,0.7,1000-2000,0.990117647058823,10.3217158176944,SVM
segerstolpe,xin,0.7,ALL,0.994426149505835,7.37265415549598,SVM
segerstolpe,xin,0.7,200-500,0.98866730539233,12.1983914209115,SVM
segerstolpe,xin,0.7,2000-5000,0.990325098106917,8.24396782841823,SVM
segerstolpe,xin,0.7,0-100,0.962720620487506,21.9839142091153,SVM
segerstolpe,xin,0.7,500-1000,0.988805273959823,9.51742627345844,SVM
segerstolpe,xin,0.8,100-200,0.985835980240234,30.6970509383378,SVM
segerstolpe,xin,0.8,1000-2000,0.996861365522368,17.3592493297587,SVM
segerstolpe,xin,0.8,ALL,0.998488046223575,12.1313672922252,SVM
segerstolpe,xin,0.8,200-500,0.993621017693439,20.8445040214477,SVM
segerstolpe,xin,0.8,2000-5000,0.998520381993924,12.8016085790885,SVM
segerstolpe,xin,0.8,0-100,0.979028231084168,31.3672922252011,SVM
segerstolpe,xin,0.8,500-1000,0.995435158501441,15.9517426273458,SVM
segerstolpe,xin,0.9,100-200,0.991833376268345,52.5469168900804,SVM
segerstolpe,xin,0.9,1000-2000,1,34.1823056300268,SVM
segerstolpe,xin,0.9,ALL,1,25.402144772118,SVM
segerstolpe,xin,0.9,200-500,0.997794445325659,41.2868632707775,SVM
segerstolpe,xin,0.9,2000-5000,1,27.9490616621984,SVM
segerstolpe,xin,0.9,0-100,0.994849127731974,46.3806970509383,SVM
segerstolpe,xin,0.9,500-1000,0.995970234222512,33.5790884718499,SVM
xin,muraro,0.5,ALL,0.853247232703222,29.5860771401693,SVM
xin,muraro,0.5,1000-2000,0.956645656225471,29.3979303857008,SVM
xin,muraro,0.5,100-200,0.71993983374394,15.0517403574788,SVM
xin,muraro,0.5,2000-5000,0.91600465446649,28.3160865475071,SVM
xin,muraro,0.5,200-500,0.740202355079715,15.4750705550329,SVM
xin,muraro,0.5,500-1000,0.953686249212088,29.7271872060207,SVM
xin,muraro,0.5,0-100,0.592158736954599,6.77328316086547,SVM
xin,muraro,0.6,ALL,0.975424823853524,39.4167450611477,SVM
xin,muraro,0.6,1000-2000,0.981530434227603,34.6660395108184,SVM
xin,muraro,0.6,100-200,0.830497237852449,27.2812793979304,SVM
xin,muraro,0.6,2000-5000,0.964619774482879,34.6190028222013,SVM
xin,muraro,0.6,200-500,0.916215457541969,29.2568203198495,SVM
xin,muraro,0.6,500-1000,0.985566933304361,33.349012229539,SVM
xin,muraro,0.6,0-100,0.656150863844885,20.6491063029163,SVM
xin,muraro,0.7,ALL,0.98721852342866,46.9426152398871,SVM
xin,muraro,0.7,1000-2000,0.99534294639307,42.5211665098777,SVM
xin,muraro,0.7,100-200,0.902745572966666,38.0526810912512,SVM
xin,muraro,0.7,2000-5000,0.983849730848424,41.2041392285983,SVM
xin,muraro,0.7,200-500,0.979743713835876,41.3922859830668,SVM
xin,muraro,0.7,500-1000,0.993115762638659,38.5230479774224,SVM
xin,muraro,0.7,0-100,0.631637716460311,31.5616180620884,SVM
xin,muraro,0.8,ALL,0.981920209378297,55.2681091251176,SVM
xin,muraro,0.8,1000-2000,0.995335654708883,52.5870178739417,SVM
xin,muraro,0.8,100-200,0.982318155633149,55.7855126999059,SVM
xin,muraro,0.8,2000-5000,0.986085909569771,53.9040451552211,SVM
xin,muraro,0.8,200-500,0.989688959172552,54.6095954844779,SVM
xin,muraro,0.8,500-1000,0.993979223760781,50.3292568203198,SVM
xin,muraro,0.8,0-100,0.716588613058283,55.3151458137347,SVM
xin,muraro,0.9,ALL,0.952109573296298,76.4816556914393,SVM
xin,muraro,0.9,1000-2000,0.984982160233539,78.2220131702728,SVM
xin,muraro,0.9,100-200,0.994345353139323,75.9172154280339,SVM
xin,muraro,0.9,2000-5000,0.984731814453177,72.859830667921,SVM
xin,muraro,0.9,200-500,0.977263448795653,65.9454374412041,SVM
xin,muraro,0.9,500-1000,0.990645463049579,76.0112888052681,SVM
xin,muraro,0.9,0-100,1,80.5738476011289,SVM
muraro,xin,0.5,ALL,0.982598649529656,0.201072386058981,SVM
muraro,xin,0.5,100-200,0.947593005088545,11.4611260053619,SVM
muraro,xin,0.5,1000-2000,0.988803278360018,0.134048257372654,SVM
muraro,xin,0.5,2000-5000,0.983812875942757,0.201072386058981,SVM
muraro,xin,0.5,200-500,0.979895080420527,0.737265415549598,SVM
muraro,xin,0.5,0-100,0.886374637339011,7.30563002680965,SVM
muraro,xin,0.5,500-1000,0.985009747704491,0.536193029490617,SVM
muraro,xin,0.6,ALL,0.983784754748403,0.402144772117962,SVM
muraro,xin,0.6,100-200,0.960628936914964,13.8069705093834,SVM
muraro,xin,0.6,1000-2000,0.989965194517397,0.603217158176944,SVM
muraro,xin,0.6,2000-5000,0.984908363112387,0.670241286863271,SVM
muraro,xin,0.6,200-500,0.982254357081617,1.20643431635389,SVM
muraro,xin,0.6,0-100,0.916444596137942,10.1876675603217,SVM
muraro,xin,0.6,500-1000,0.987385693530468,1.07238605898123,SVM
muraro,xin,0.7,ALL,0.984869335391277,1.00536193029491,SVM
muraro,xin,0.7,100-200,0.969133562970059,15.4155495978552,SVM
muraro,xin,0.7,1000-2000,0.993638094382519,1.27345844504021,SVM
muraro,xin,0.7,2000-5000,0.988589216964649,1.07238605898123,SVM
muraro,xin,0.7,200-500,0.987233031550164,1.67560321715818,SVM
muraro,xin,0.7,0-100,0.930974062176441,12.8686327077748,SVM
muraro,xin,0.7,500-1000,0.988534733574126,1.54155495978552,SVM
muraro,xin,0.8,ALL,0.988538709271934,1.54155495978552,SVM
muraro,xin,0.8,100-200,0.963625797068528,17.3592493297587,SVM
muraro,xin,0.8,1000-2000,0.99613105510179,2.07774798927614,SVM
muraro,xin,0.8,2000-5000,0.993572847496174,1.80965147453083,SVM
muraro,xin,0.8,200-500,0.988263618025284,2.81501340482574,SVM
muraro,xin,0.8,0-100,0.946984163813094,14.8123324396783,SVM
muraro,xin,0.8,500-1000,0.99093830602564,2.34584450402145,SVM
muraro,xin,0.9,ALL,0.992028844820413,3.68632707774799,SVM
muraro,xin,0.9,100-200,0.985318760473201,21.313672922252,SVM
muraro,xin,0.9,1000-2000,0.995982551945585,3.61930294906166,SVM
muraro,xin,0.9,2000-5000,0.994772140766951,2.68096514745308,SVM
muraro,xin,0.9,200-500,0.990503669753715,4.89276139410188,SVM
muraro,xin,0.9,0-100,0.955197980754062,19.1018766756032,SVM
muraro,xin,0.9,500-1000,0.994517247743853,5.42895442359249,SVM
muraro,baron-human,0.5,ALL,0.917142743733002,11.5999533201074,SVM
muraro,baron-human,0.5,100-200,0.848684491140864,20.3524331894037,SVM
muraro,baron-human,0.5,1000-2000,0.937430644667614,18.9987163029525,SVM
muraro,baron-human,0.5,2000-5000,0.961375667050446,23.7133854592134,SVM
muraro,baron-human,0.5,200-500,0.912094345309347,14.6808262340997,SVM
muraro,baron-human,0.5,0-100,0.766701198581737,19.4188353366787,SVM
muraro,baron-human,0.5,500-1000,0.922997803449079,17.1431905706617,SVM
muraro,baron-human,0.6,ALL,0.952128241606549,20.3407632162446,SVM
muraro,baron-human,0.6,100-200,0.888939222381644,32.9560042011903,SVM
muraro,baron-human,0.6,1000-2000,0.966835367322617,32.9793441475085,SVM
muraro,baron-human,0.6,2000-5000,0.981666766672825,39.0010502975843,SVM
muraro,baron-human,0.6,200-500,0.94144939452974,24.5186136071887,SVM
muraro,baron-human,0.6,0-100,0.806314612134416,30.6103395962189,SVM
muraro,baron-human,0.6,500-1000,0.956616560374998,28.4864044812697,SVM
muraro,baron-human,0.7,ALL,0.972482117876235,32.8042945501225,SVM
muraro,baron-human,0.7,100-200,0.923599047843781,43.295600420119,SVM
muraro,baron-human,0.7,1000-2000,0.984152573509297,50.0175049597386,SVM
muraro,baron-human,0.7,2000-5000,0.991122779346631,59.1784338896021,SVM
muraro,baron-human,0.7,200-500,0.959675893228478,40.2380674524449,SVM
muraro,baron-human,0.7,0-100,0.844777047896684,42.6654218695297,SVM
muraro,baron-human,0.7,500-1000,0.969904617015772,45.2911658303186,SVM
muraro,baron-human,0.8,ALL,0.987822139757397,55.6190920760882,SVM
muraro,baron-human,0.8,100-200,0.955042013630223,58.9917143190571,SVM
muraro,baron-human,0.8,1000-2000,0.988904302298077,70.5916676391644,SVM
muraro,baron-human,0.8,2000-5000,0.994801108564303,81.7715019255456,SVM
muraro,baron-human,0.8,200-500,0.967795219070147,58.0814564126503,SVM
muraro,baron-human,0.8,0-100,0.871036025963118,59.353483486988,SVM
muraro,baron-human,0.8,500-1000,0.986776078900499,65.398529583382,SVM
muraro,baron-human,0.9,ALL,0.993299776935643,90.5706616874781,SVM
muraro,baron-human,0.9,100-200,0.983794862961084,76.7884233866262,SVM
muraro,baron-human,0.9,1000-2000,1,93.8382541720154,SVM
muraro,baron-human,0.9,2000-5000,1,94.515112615241,SVM
muraro,baron-human,0.9,200-500,0.987944827690998,79.7992764616641,SVM
muraro,baron-human,0.9,0-100,0.893046448246194,77.4302719103746,SVM
muraro,baron-human,0.9,500-1000,0.993300759304028,90.8157311238184,SVM
baron-human,muraro,0.5,ALL,0.794532476117397,0.470366886171214,SVM
baron-human,muraro,0.5,100-200,0.836636296172336,1.45813734713076,SVM
baron-human,muraro,0.5,1000-2000,0.78470325047009,0.564440263405456,SVM
baron-human,muraro,0.5,200-500,0.85369145591153,0.329256820319849,SVM
baron-human,muraro,0.5,2000-5000,0.783194192877302,0.423330197554092,SVM
baron-human,muraro,0.5,0-100,0.711118461203463,6.96142991533396,SVM
baron-human,muraro,0.5,500-1000,0.803743491789288,0.470366886171214,SVM
baron-human,muraro,0.6,ALL,0.795291782696318,1.08184383819379,SVM
baron-human,muraro,0.6,100-200,0.856713078945508,4.23330197554092,SVM
baron-human,muraro,0.6,1000-2000,0.786950684290261,1.08184383819379,SVM
baron-human,muraro,0.6,200-500,0.859392695201671,1.12888052681091,SVM
baron-human,muraro,0.6,2000-5000,0.785176079437973,0.846660395108184,SVM
baron-human,muraro,0.6,0-100,0.730053220030151,11.3358419567262,SVM
baron-human,muraro,0.6,500-1000,0.804328671205437,1.45813734713076,SVM
baron-human,muraro,0.7,ALL,0.799141433266828,1.9755409219191,SVM
baron-human,muraro,0.7,100-200,0.864346804839122,6.77328316086547,SVM
baron-human,muraro,0.7,1000-2000,0.789420905789522,1.83443085606773,SVM
baron-human,muraro,0.7,200-500,0.865264648023004,2.6340545625588,SVM
baron-human,muraro,0.7,2000-5000,0.788169355199702,1.64628410159925,SVM
baron-human,muraro,0.7,0-100,0.751960145874105,16.5569143932267,SVM
baron-human,muraro,0.7,500-1000,0.809187871972917,2.44590780809031,SVM
baron-human,muraro,0.8,ALL,0.805164670220266,3.48071495766698,SVM
baron-human,muraro,0.8,100-200,0.880746197923398,10.4421448730009,SVM
baron-human,muraro,0.8,1000-2000,0.792495597896614,2.53998118532455,SVM
baron-human,muraro,0.8,200-500,0.871994550499469,4.1862652869238,SVM
baron-human,muraro,0.8,2000-5000,0.789656547793535,2.53998118532455,SVM
baron-human,muraro,0.8,0-100,0.760923279991622,20.931326434619,SVM
baron-human,muraro,0.8,500-1000,0.817722111187173,4.13922859830668,SVM
baron-human,muraro,0.9,100-200,0.907039433861717,16.2276575729069,SVM
baron-human,muraro,0.9,1000-2000,0.79834888839156,4.13922859830668,SVM
baron-human,muraro,0.9,200-500,0.881921524482736,7.7140169332079,SVM
baron-human,muraro,0.9,2000-5000,0.791509182266886,3.76293508936971,SVM
baron-human,muraro,0.9,0-100,0.799633652949894,28.5042333019755,SVM
baron-human,muraro,0.9,500-1000,0.825073250663075,6.44402634054562,SVM
segerstolpe,baron-human,0.5,100-200,0,0,SVM
segerstolpe,baron-human,0.5,ALL,0,0,SVM
segerstolpe,baron-human,0.5,1000-2000,0,0,SVM
segerstolpe,baron-human,0.5,2000-5000,0,0,SVM
segerstolpe,baron-human,0.5,200-500,0,0,SVM
segerstolpe,baron-human,0.5,500-1000,0,0,SVM
segerstolpe,baron-human,0.5,0-100,0,8.08729139922978,SVM
segerstolpe,baron-human,0.6,100-200,0,0,SVM
segerstolpe,baron-human,0.6,ALL,0,0,SVM
segerstolpe,baron-human,0.6,1000-2000,0,0,SVM
segerstolpe,baron-human,0.6,2000-5000,0,0,SVM
segerstolpe,baron-human,0.6,200-500,0,0,SVM
segerstolpe,baron-human,0.6,500-1000,0,0,SVM
segerstolpe,baron-human,0.6,0-100,0,20.982611739993,SVM
segerstolpe,baron-human,0.7,100-200,0,0.0700198389543704,SVM
segerstolpe,baron-human,0.7,ALL,0,0,SVM
segerstolpe,baron-human,0.7,1000-2000,0,0,SVM
segerstolpe,baron-human,0.7,2000-5000,0,0,SVM
segerstolpe,baron-human,0.7,200-500,0,0,SVM
segerstolpe,baron-human,0.7,500-1000,0,0,SVM
segerstolpe,baron-human,0.7,0-100,0,30.0968607772202,SVM
segerstolpe,baron-human,0.8,100-200,0,3.8744310888085,SVM
segerstolpe,baron-human,0.8,ALL,0,0,SVM
segerstolpe,baron-human,0.8,1000-2000,0,0,SVM
segerstolpe,baron-human,0.8,2000-5000,0,0,SVM
segerstolpe,baron-human,0.8,200-500,0,0,SVM
segerstolpe,baron-human,0.8,500-1000,0,0,SVM
segerstolpe,baron-human,0.8,0-100,0,41.6734741510095,SVM
segerstolpe,baron-human,0.9,100-200,0,23.3282763449644,SVM
segerstolpe,baron-human,0.9,ALL,0,5.05309837787373,SVM
segerstolpe,baron-human,0.9,1000-2000,0,0.501808845839655,SVM
segerstolpe,baron-human,0.9,2000-5000,0,13.5254988913525,SVM
segerstolpe,baron-human,0.9,200-500,0,0.0700198389543704,SVM
segerstolpe,baron-human,0.9,500-1000,0,0,SVM
segerstolpe,baron-human,0.9,0-100,0,83.183568677792,SVM
baron-human,segerstolpe,0.5,ALL,0.806726674153732,7.55998189225894,SVM
baron-human,segerstolpe,0.5,100-200,0.893085478474478,10.1856043458579,SVM
baron-human,segerstolpe,0.5,1000-2000,0.795387128447007,6.29244001810774,SVM
baron-human,segerstolpe,0.5,200-500,0.89096869898004,1.13173381620643,SVM
baron-human,segerstolpe,0.5,2000-5000,0.763656776740306,7.6052512449072,SVM
baron-human,segerstolpe,0.5,0-100,0.761143932645189,14.8936170212766,SVM
baron-human,segerstolpe,0.5,500-1000,0.829117943470607,4.16478044363966,SVM
baron-human,segerstolpe,0.6,ALL,0.807043086095928,9.59710276143051,SVM
baron-human,segerstolpe,0.6,100-200,0.90626995514607,13.2186509732911,SVM
baron-human,segerstolpe,0.6,1000-2000,0.798361761499085,8.10321412403803,SVM
baron-human,segerstolpe,0.6,200-500,0.895466259661411,2.08239022181983,SVM
baron-human,segerstolpe,0.6,2000-5000,0.765420485023435,9.8234495246718,SVM
baron-human,segerstolpe,0.6,0-100,0.788831267625398,19.1036668175645,SVM
baron-human,segerstolpe,0.6,500-1000,0.835422606660461,6.15663196016297,SVM
baron-human,segerstolpe,0.7,ALL,0.807950916425993,11.4531462200091,SVM
baron-human,segerstolpe,0.7,100-200,0.918314127456051,16.3875056586691,SVM
baron-human,segerstolpe,0.7,1000-2000,0.800341468313749,10.0045269352648,SVM
baron-human,segerstolpe,0.7,200-500,0.902559727012134,3.4857401539158,SVM
baron-human,segerstolpe,0.7,2000-5000,0.769633187347788,12.4490719782707,SVM
baron-human,segerstolpe,0.7,0-100,0.81565183263973,24.1738343141693,SVM
baron-human,segerstolpe,0.7,500-1000,0.839434999196317,8.2390221819828,SVM
baron-human,segerstolpe,0.8,ALL,0.806562223619108,13.8976912630149,SVM
baron-human,segerstolpe,0.8,100-200,0.933312666766497,19.8279764599366,SVM
baron-human,segerstolpe,0.8,1000-2000,0.798305326322465,12.0869171570847,SVM
baron-human,segerstolpe,0.8,200-500,0.91120655253449,5.43232231779086,SVM
baron-human,segerstolpe,0.8,2000-5000,0.776446036457777,15.1199637845179,SVM
baron-human,segerstolpe,0.8,0-100,0.838238186825196,29.8325033952014,SVM
baron-human,segerstolpe,0.8,500-1000,0.842203350559602,11.3626075147125,SVM
baron-human,segerstolpe,0.9,ALL,0.80743776624914,17.0665459483929,SVM
baron-human,segerstolpe,0.9,100-200,0.946815857053454,25.6224535989135,SVM
baron-human,segerstolpe,0.9,1000-2000,0.792312527578656,16.6591217745586,SVM
baron-human,segerstolpe,0.9,200-500,0.924305655302091,7.922136713445,SVM
baron-human,segerstolpe,0.9,2000-5000,0.779062726323065,19.3752829334541,SVM
baron-human,segerstolpe,0.9,0-100,0.877587315295565,37.4377546401086,SVM
baron-human,segerstolpe,0.9,500-1000,0.844350052204076,15.5273879583522,SVM
xin,baron-human,0.5,1000-2000,0.606529567560607,39.0243902439024,SVM
xin,baron-human,0.5,ALL,0.261712091583069,34.1346714902556,SVM
xin,baron-human,0.5,100-200,0.484252697707897,13.1053798576263,SVM
xin,baron-human,0.5,2000-5000,0.0838789340684586,33.7962422686428,SVM
xin,baron-human,0.5,200-500,0.57564309705388,8.54242035243319,SVM
xin,baron-human,0.5,500-1000,0.867925115560025,35.5700781888202,SVM
xin,baron-human,0.5,0-100,0.406032442336844,8.96253938615941,SVM
xin,baron-human,0.6,1000-2000,0.924645817733008,63.4846539852958,SVM
xin,baron-human,0.6,ALL,0.696022089132508,66.9856459330144,SVM
xin,baron-human,0.6,100-200,0.569685947424525,37.4022639747929,SVM
xin,baron-human,0.6,2000-5000,0.00822835006547112,49.1072470533318,SVM
xin,baron-human,0.6,200-500,0.724155002043833,30.8320690862411,SVM
xin,baron-human,0.6,500-1000,0.973144417492193,51.3478818998716,SVM
xin,baron-human,0.6,0-100,0.372015360952397,24.2735441708484,SVM
xin,baron-human,0.7,1000-2000,0.909097776633187,73.1357217878399,SVM
xin,baron-human,0.7,ALL,0.250815398533474,72.2838137472284,SVM
xin,baron-human,0.7,100-200,0.584363515920304,55.8291515929513,SVM
xin,baron-human,0.7,2000-5000,0,71.6302952503209,SVM
xin,baron-human,0.7,200-500,0.940634365724206,56.8327692846306,SVM
xin,baron-human,0.7,500-1000,0.972605888718886,65.2701598786323,SVM
xin,baron-human,0.7,0-100,0.434838308613022,44.3225580581165,SVM
xin,baron-human,0.8,1000-2000,0.726516726516729,83.1135488388377,SVM
xin,baron-human,0.8,ALL,0,73.7775703115883,SVM
xin,baron-human,0.8,100-200,0.806020665680955,79.1924378573929,SVM
xin,baron-human,0.8,2000-5000,0,73.9409499358152,SVM
xin,baron-human,0.8,200-500,0.913997437778336,73.0190220562493,SVM
xin,baron-human,0.8,500-1000,0.985617089147933,83.2885984362236,SVM
xin,baron-human,0.8,0-100,0.503174910489562,70.6616874781188,SVM
xin,baron-human,0.9,1000-2000,1,98.7979927646166,SVM
xin,baron-human,0.9,ALL,1,89.7537635663438,SVM
xin,baron-human,0.9,100-200,0.975096173314436,97.1291866028708,SVM
xin,baron-human,0.9,2000-5000,1,93.2314155677442,SVM
xin,baron-human,0.9,200-500,0,86.8829501692146,SVM
xin,baron-human,0.9,500-1000,1,98.7979927646166,SVM
xin,baron-human,0.9,0-100,0.777786726804124,96.8841171665305,SVM
baron-human,xin,0.5,ALL,0.984756798823987,1.54155495978552,SVM
baron-human,xin,0.5,100-200,0.869934148594651,10.7238605898123,SVM
baron-human,xin,0.5,1000-2000,0.983587083405165,1.34048257372654,SVM
baron-human,xin,0.5,200-500,0.977538106352323,0.737265415549598,SVM
baron-human,xin,0.5,2000-5000,0.975576761912187,2.74798927613941,SVM
baron-human,xin,0.5,0-100,0.6870362485687,24.2627345844504,SVM
baron-human,xin,0.5,500-1000,0.982472220010402,0.938337801608579,SVM
baron-human,xin,0.6,ALL,0.988349545680358,2.54691689008043,SVM
baron-human,xin,0.6,100-200,0.8926178127826,15.3485254691689,SVM
baron-human,xin,0.6,1000-2000,0.987229567307692,2.01072386058981,SVM
baron-human,xin,0.6,200-500,0.979923965765867,1.20643431635389,SVM
baron-human,xin,0.6,2000-5000,0.980348985930934,3.88739946380697,SVM
baron-human,xin,0.6,0-100,0.73183860931404,27.2117962466488,SVM
baron-human,xin,0.6,500-1000,0.987340681310916,1.54155495978552,SVM
baron-human,xin,0.7,ALL,0.988217673851867,3.2171581769437,SVM
baron-human,xin,0.7,100-200,0.916914298794833,17.8954423592493,SVM
baron-human,xin,0.7,1000-2000,0.990727619188574,4.02144772117962,SVM
baron-human,xin,0.7,200-500,0.983568406813541,1.67560321715818,SVM
baron-human,xin,0.7,2000-5000,0.982446206658944,5.6970509383378,SVM
baron-human,xin,0.7,0-100,0.774882613583758,30.5630026809651,SVM
baron-human,xin,0.7,500-1000,0.988363101244234,2.94906166219839,SVM
baron-human,xin,0.8,ALL,0.990496301087285,4.89276139410188,SVM
baron-human,xin,0.8,100-200,0.932271015685394,21.9839142091153,SVM
baron-human,xin,0.8,1000-2000,0.994522442499769,5.76407506702413,SVM
baron-human,xin,0.8,200-500,0.988494171135156,2.41286863270777,SVM
baron-human,xin,0.8,2000-5000,0.984345050267082,8.98123324396783,SVM
baron-human,xin,0.8,0-100,0.802540270859718,34.5844504021448,SVM
baron-human,xin,0.8,500-1000,0.989414672954564,4.35656836461126,SVM
baron-human,xin,0.9,ALL,0.992433629217363,10.1206434316354,SVM
baron-human,xin,0.9,100-200,0.946986154793943,26.9436997319035,SVM
baron-human,xin,0.9,1000-2000,0.994049394035152,10.3887399463807,SVM
baron-human,xin,0.9,200-500,0.990853480867431,3.82037533512064,SVM
baron-human,xin,0.9,2000-5000,0.985209629172404,16.4879356568365,SVM
baron-human,xin,0.9,0-100,0.872737866134642,39.6112600536193,SVM
baron-human,xin,0.9,500-1000,0.989895579462928,9.45040214477212,SVM
shekhar,macosko,0.5,0-100,0.810155567644722,8.50517764684878,SVM
shekhar,macosko,0.5,1000-2000,0.651232142828146,4.01490805213355,SVM
shekhar,macosko,0.5,100-200,0.846435897398152,3.72254954472416,SVM
shekhar,macosko,0.5,200-500,0.73794439406832,3.91224781289056,SVM
shekhar,macosko,0.5,500-1000,0.681380664215725,4.6598821638993,SVM
shekhar,macosko,0.6,0-100,0.847570342953421,14.6156936261382,SVM
shekhar,macosko,0.6,1000-2000,0.689150261946121,12.0692733440457,SVM
shekhar,macosko,0.6,100-200,0.88095550739207,7.59239421531869,SVM
shekhar,macosko,0.6,200-500,0.780626665660238,9.97143367255847,SVM
shekhar,macosko,0.6,500-1000,0.723507561864217,12.2143367255847,SVM
shekhar,macosko,0.7,0-100,0.877044492314462,21.761738975183,SVM
shekhar,macosko,0.7,1000-2000,0.725399995631604,21.5095518657383,SVM
shekhar,macosko,0.7,100-200,0.903977706573218,11.6630958757365,SVM
shekhar,macosko,0.7,200-500,0.812007768915566,17.1286377432601,SVM
shekhar,macosko,0.7,500-1000,0.75742216681305,21.3890376718443,SVM
shekhar,macosko,0.8,0-100,0.904978491936176,32.6169434029638,SVM
shekhar,macosko,0.8,1000-2000,0.766863783677738,32.2263881449741,SVM
shekhar,macosko,0.8,100-200,0.924322731448002,16.6108730583824,SVM
shekhar,macosko,0.8,2000-5000,0.763006645280104,31.8358328869845,SVM
shekhar,macosko,0.8,200-500,0.852280822542454,27.042046063203,SVM
shekhar,macosko,0.8,500-1000,0.796602950348873,31.4140332083557,SVM
shekhar,macosko,0.9,0-100,0.932945226243586,51.836725584717,SVM
shekhar,macosko,0.9,1000-2000,0.809987214018925,48.2458489555437,SVM
shekhar,macosko,0.9,2000-5000,0.802743669951367,48.2146045349045,SVM
shekhar,macosko,0.9,200-500,0.881041753883554,49.2769148366363,SVM
shekhar,macosko,0.9,500-1000,0.83893085267325,52.0264238528834,SVM
macosko,shekhar,0.5,100-200,0.894978378948235,0.305465653296484,SVM
macosko,shekhar,0.5,200-500,0.894203419765603,0.265464198698134,SVM
macosko,shekhar,0.5,200-500,0.892623437475276,0.261827702825557,SVM
macosko,shekhar,0.5,200-500,0.892903787392457,0.287283173933598,SVM
macosko,shekhar,0.5,200-500,0.892391336186539,0.305465653296484,SVM
macosko,shekhar,0.5,0-100,0.893257602845352,0.476380959307611,SVM
macosko,shekhar,0.6,100-200,0.900825397012391,0.621840794210699,SVM
macosko,shekhar,0.6,200-500,0.900338989656756,0.643659769446162,SVM
macosko,shekhar,0.6,200-500,0.89910911604519,0.661842248809048,SVM
macosko,shekhar,0.6,200-500,0.899330966217535,0.636386777701007,SVM
macosko,shekhar,0.6,200-500,0.898953072538229,0.698207207534819,SVM
macosko,shekhar,0.6,0-100,0.900814735781588,0.996399869086149,SVM
macosko,shekhar,0.7,100-200,0.906716283734555,1.10185824939089,SVM
macosko,shekhar,0.7,200-500,0.906693989463762,1.12004072875377,SVM
macosko,shekhar,0.7,200-500,0.906345212632037,1.13822320811666,SVM
macosko,shekhar,0.7,200-500,0.906487595334107,1.15276919160697,SVM
macosko,shekhar,0.7,200-500,0.906628679460577,1.28368304301975,SVM
macosko,shekhar,0.7,0-100,0.908025665812247,1.68369758900324,SVM
macosko,shekhar,0.8,100-200,0.913286619840392,1.84006691152406,SVM
macosko,shekhar,0.8,200-500,0.912498141990143,1.86188588675952,SVM
macosko,shekhar,0.8,200-500,0.91269009983446,1.88370486199498,SVM
macosko,shekhar,0.8,200-500,0.911879993320932,1.95643477944653,SVM
macosko,shekhar,0.8,200-500,0.913495638457707,2.24371795338012,SVM
macosko,shekhar,0.8,0-100,0.918150729655701,2.73464489617804,SVM
macosko,shekhar,0.9,100-200,0.923470590707173,3.68377031892069,SVM
macosko,shekhar,0.9,200-500,0.918840418095364,3.68013382304811,SVM
macosko,shekhar,0.9,200-500,0.920057639543915,4.07287537728645,SVM
macosko,shekhar,0.9,200-500,0.919723421696216,4.19651623695407,SVM
macosko,shekhar,0.9,200-500,0.921442773827871,4.3674315429652,SVM
macosko,shekhar,0.9,0-100,0.931033230215324,5.01472780828394,SVM
muraro,segerstolpe,0.5,0-100,0.907346059771584,29.9683114531462,RF
muraro,segerstolpe,0.5,ALL,0.912572555218452,62.7433227704844,RF
muraro,segerstolpe,0.5,1000-2000,0.922434882348498,51.8786781349027,RF
muraro,segerstolpe,0.5,100-200,0.91186461678248,29.7419646899049,RF
muraro,segerstolpe,0.5,2000-5000,0.912709796260772,49.1625169760072,RF
muraro,segerstolpe,0.5,200-500,0.914863264004324,35.4459031235853,RF
muraro,segerstolpe,0.5,500-1000,0.923196874950778,44.8166591217746,RF
muraro,segerstolpe,0.6,0-100,0.94209608829375,52.7840651878678,RF
muraro,segerstolpe,0.6,ALL,0.735841170323929,96.4237211407877,RF
muraro,segerstolpe,0.6,1000-2000,0.843317213397014,86.4644635581711,RF
muraro,segerstolpe,0.6,100-200,0.926242486045513,56.7224988682662,RF
muraro,segerstolpe,0.6,2000-5000,0.747449068431133,91.1272068809416,RF
muraro,segerstolpe,0.6,200-500,0.915196278243296,63.4223630602082,RF
muraro,segerstolpe,0.6,500-1000,0.854842856860302,75.6903576278859,RF
muraro,segerstolpe,0.7,0-100,0.972487171597868,82.0733363512902,RF
muraro,segerstolpe,0.7,ALL,0.187576126674787,98.6871887732005,RF
muraro,segerstolpe,0.7,1000-2000,0.537698725011805,95.9710276143051,RF
muraro,segerstolpe,0.7,100-200,0.888768337062905,88.2752376641014,RF
muraro,segerstolpe,0.7,2000-5000,0.513064133016627,98.1439565414215,RF
muraro,segerstolpe,0.7,200-500,0.954688483322845,87.7772747849706,RF
muraro,segerstolpe,0.7,500-1000,0.732352941176471,95.8804889090086,RF
muraro,segerstolpe,0.8,0-100,1,94.3413309189679,RF
muraro,segerstolpe,0.8,ALL,0,99.8641919420552,RF
muraro,segerstolpe,0.8,1000-2000,0.111111111111111,99.6378451788139,RF
muraro,segerstolpe,0.8,100-200,0.912213740458015,96.8764146672703,RF
muraro,segerstolpe,0.8,2000-5000,0,99.9094612947035,RF
muraro,segerstolpe,0.8,200-500,0.540229885057471,99.0946129470349,RF
muraro,segerstolpe,0.8,500-1000,0,99.818922589407,RF
muraro,segerstolpe,0.9,0-100,1,99.5473064735174,RF
muraro,segerstolpe,0.9,ALL,0,100,RF
muraro,segerstolpe,0.9,1000-2000,0,100,RF
muraro,segerstolpe,0.9,100-200,1,99.9547306473517,RF
muraro,segerstolpe,0.9,2000-5000,0,100,RF
muraro,segerstolpe,0.9,200-500,0,100,RF
muraro,segerstolpe,0.9,500-1000,0,100,RF
segerstolpe,muraro,0.5,ALL,0.147003146127585,70.7902163687676,RF
segerstolpe,muraro,0.5,100-200,0.0268417419193061,24.2709313264346,RF
segerstolpe,muraro,0.5,1000-2000,0.107646418858672,36.2652869238006,RF
segerstolpe,muraro,0.5,2000-5000,0.0680160037655919,37.9115710253998,RF
segerstolpe,muraro,0.5,200-500,0.0227162316777445,26.2464722483537,RF
segerstolpe,muraro,0.5,500-1000,0.0467135035476842,22.2483537158984,RF
segerstolpe,muraro,0.5,0-100,0.0229738787127577,39.8400752587018,RF
segerstolpe,muraro,0.6,ALL,0.036606233662618,79.444967074318,RF
segerstolpe,muraro,0.6,100-200,0.00797137975795911,50.1881467544685,RF
segerstolpe,muraro,0.6,1000-2000,0.0344908802045711,53.9040451552211,RF
segerstolpe,muraro,0.6,2000-5000,0.0424279873829728,69.5202257761054,RF
segerstolpe,muraro,0.6,200-500,0.0342775340848783,42.0978363123236,RF
segerstolpe,muraro,0.6,500-1000,0.0298083761141432,41.5333960489182,RF
segerstolpe,muraro,0.6,0-100,0.00413496229968474,43.3678269049859,RF
segerstolpe,muraro,0.7,ALL,0.0792264504054897,95.7666980244591,RF
segerstolpe,muraro,0.7,100-200,0.00225988700564972,58.4666039510818,RF
segerstolpe,muraro,0.7,1000-2000,0.0317303571761286,78.1749764816557,RF
segerstolpe,muraro,0.7,2000-5000,0.0162855660200285,85.8419567262465,RF
segerstolpe,muraro,0.7,200-500,0.0061915704405868,55.2681091251176,RF
segerstolpe,muraro,0.7,500-1000,0.00514782280154907,63.7817497648166,RF
segerstolpe,muraro,0.7,0-100,0.00204918032786885,77.0931326434619,RF
segerstolpe,muraro,0.8,ALL,0,99.6707431796802,RF
segerstolpe,muraro,0.8,100-200,0,90.3574788334901,RF
segerstolpe,muraro,0.8,1000-2000,0.00403225806451613,88.381937911571,RF
segerstolpe,muraro,0.8,2000-5000,0.0689655172413793,97.4600188146754,RF
segerstolpe,muraro,0.8,200-500,0.00851063829787234,89.0404515522107,RF
segerstolpe,muraro,0.8,500-1000,0,87.9586077140169,RF
segerstolpe,muraro,0.8,0-100,0,93.7441204139229,RF
segerstolpe,muraro,0.9,ALL,0,100,RF
segerstolpe,muraro,0.9,100-200,0,99.8588899341486,RF
segerstolpe,muraro,0.9,1000-2000,0,99.3414863593603,RF
segerstolpe,muraro,0.9,2000-5000,0,99.7648165569144,RF
segerstolpe,muraro,0.9,200-500,0,97.9303857008467,RF
segerstolpe,muraro,0.9,500-1000,0,98.7770460959548,RF
segerstolpe,muraro,0.9,0-100,0,99.9529633113829,RF
xin,segerstolpe,0.5,100-200,0.900837607176096,37.8904481665912,RF
xin,segerstolpe,0.5,1000-2000,0.835971699073603,41.6478044363966,RF
xin,segerstolpe,0.5,ALL,0.896887700836098,45.9031235853327,RF
xin,segerstolpe,0.5,2000-5000,0.888692496352503,41.6025350837483,RF
xin,segerstolpe,0.5,200-500,0.927550588360526,33.4087822544138,RF
xin,segerstolpe,0.5,0-100,0.854851547328687,38.7052965142598,RF
xin,segerstolpe,0.5,500-1000,0.821777074050889,34.2688999547306,RF
xin,segerstolpe,0.6,100-200,0.919587525359885,48.7098234495247,RF
xin,segerstolpe,0.6,1000-2000,0.928530985476885,46.2200090538705,RF
xin,segerstolpe,0.6,ALL,0.952385989722233,51.6070620190131,RF
xin,segerstolpe,0.6,2000-5000,0.93524661623678,46.310547759167,RF
xin,segerstolpe,0.6,200-500,0.940063944194158,45.0882752376641,RF
xin,segerstolpe,0.6,0-100,0.878476210448053,47.53282028067,RF
xin,segerstolpe,0.6,500-1000,0.93249721662393,44.6355817111815,RF
xin,segerstolpe,0.7,100-200,0.929678292374176,51.3807152557718,RF
xin,segerstolpe,0.7,1000-2000,0.951430905097565,49.7962879130828,RF
xin,segerstolpe,0.7,ALL,0.974821828500948,59.0312358533273,RF
xin,segerstolpe,0.7,2000-5000,0.959019553841917,49.479402444545,RF
xin,segerstolpe,0.7,200-500,0.940609136082328,49.9320959710276,RF
xin,segerstolpe,0.7,0-100,0.922777602346925,50.9732910819375,RF
xin,segerstolpe,0.7,500-1000,0.943117202264501,48.3929379809869,RF
xin,segerstolpe,0.8,100-200,0.949255667275599,53.5989135355364,RF
xin,segerstolpe,0.8,1000-2000,0.973896755221656,54.3684925305568,RF
xin,segerstolpe,0.8,ALL,0.958518518518519,84.7894975101856,RF
xin,segerstolpe,0.8,2000-5000,0.988653266949413,58.2163875056587,RF
xin,segerstolpe,0.8,200-500,0.967550201667694,54.5043005885016,RF
xin,segerstolpe,0.8,0-100,0.943173989271477,52.9198732458126,RF
xin,segerstolpe,0.8,500-1000,0.974279522796718,54.8664554096876,RF
xin,segerstolpe,0.9,100-200,0.973616235598365,56.5866908103214,RF
xin,segerstolpe,0.9,1000-2000,1,66.3196016296967,RF
xin,segerstolpe,0.9,ALL,1,99.7283838841105,RF
xin,segerstolpe,0.9,2000-5000,0.922258592471359,74.1964689904934,RF
xin,segerstolpe,0.9,200-500,0.97852400139444,60.027161611589,RF
xin,segerstolpe,0.9,0-100,0.957511413214291,54.8664554096876,RF
xin,segerstolpe,0.9,500-1000,0.989197543653194,60.6609325486646,RF
segerstolpe,xin,0.5,100-200,0.996686901271837,18.4986595174263,RF
segerstolpe,xin,0.5,1000-2000,0.996601886984539,17.2252010723861,RF
segerstolpe,xin,0.5,ALL,1,21.514745308311,RF
segerstolpe,xin,0.5,200-500,0.996678565140141,16.5549597855228,RF
segerstolpe,xin,0.5,2000-5000,1,16.8230563002681,RF
segerstolpe,xin,0.5,0-100,0.996158041365319,25.8713136729223,RF
segerstolpe,xin,0.5,500-1000,0.998234768706725,16.1528150134048,RF
segerstolpe,xin,0.6,100-200,1,49.1957104557641,RF
segerstolpe,xin,0.6,1000-2000,1,36.5281501340483,RF
segerstolpe,xin,0.6,ALL,1,44.5040214477212,RF
segerstolpe,xin,0.6,200-500,1,29.0214477211796,RF
segerstolpe,xin,0.6,2000-5000,1,35.9919571045576,RF
segerstolpe,xin,0.6,0-100,1,48.9946380697051,RF
segerstolpe,xin,0.6,500-1000,1,39.6782841823056,RF
segerstolpe,xin,0.7,100-200,1,63.7399463806971,RF
segerstolpe,xin,0.7,1000-2000,1,57.171581769437,RF
segerstolpe,xin,0.7,ALL,1,72.4530831099196,RF
segerstolpe,xin,0.7,200-500,1,59.1823056300268,RF
segerstolpe,xin,0.7,2000-5000,1,54.4235924932976,RF
segerstolpe,xin,0.7,0-100,1,69.3699731903485,RF
segerstolpe,xin,0.7,500-1000,1,52.8820375335121,RF
segerstolpe,xin,0.8,100-200,1,90.9517426273459,RF
segerstolpe,xin,0.8,1000-2000,1,95.1072386058981,RF
segerstolpe,xin,0.8,ALL,1,91.2868632707775,RF
segerstolpe,xin,0.8,200-500,1,88.2037533512064,RF
segerstolpe,xin,0.8,2000-5000,1,88.8069705093834,RF
segerstolpe,xin,0.8,0-100,1,95.9785522788204,RF
segerstolpe,xin,0.8,500-1000,1,89.8123324396783,RF
segerstolpe,xin,0.9,100-200,1,99.5308310991957,RF
segerstolpe,xin,0.9,1000-2000,1,98.6595174262735,RF
segerstolpe,xin,0.9,ALL,1,99.3967828418231,RF
segerstolpe,xin,0.9,200-500,1,99.1286863270778,RF
segerstolpe,xin,0.9,2000-5000,1,99.3967828418231,RF
segerstolpe,xin,0.9,0-100,1,99.8659517426273,RF
segerstolpe,xin,0.9,500-1000,1,99.3297587131367,RF
xin,muraro,0.5,ALL,0.820353048737605,41.6745061147695,RF
xin,muraro,0.5,1000-2000,0.954314299253064,45.0141110065851,RF
xin,muraro,0.5,100-200,0.658469945355191,94.1204139228598,RF
xin,muraro,0.5,2000-5000,0.930463057486537,40.9219190968956,RF
xin,muraro,0.5,200-500,0.994821086136948,81.3264346190028,RF
xin,muraro,0.5,500-1000,0.983455852653688,51.8344308560677,RF
xin,muraro,0.5,0-100,0.324444444444447,96.4252116650988,RF
xin,muraro,0.6,ALL,0.674297127054847,60.1128880526811,RF
xin,muraro,0.6,1000-2000,0.991250011452865,55.0799623706491,RF
xin,muraro,0.6,100-200,1,99.2003762935089,RF
xin,muraro,0.6,2000-5000,0.991158267020336,49.4355597365945,RF
xin,muraro,0.6,200-500,1,95.7196613358419,RF
xin,muraro,0.6,500-1000,0.981908678734938,61.618062088429,RF
xin,muraro,0.6,0-100,0,100,RF
xin,muraro,0.7,ALL,0.984670431823763,79.444967074318,RF
xin,muraro,0.7,1000-2000,1,82.6434619002822,RF
xin,muraro,0.7,100-200,1,99.9529633113829,RF
xin,muraro,0.7,2000-5000,1,78.0338664158043,RF
xin,muraro,0.7,200-500,1,99.8588899341486,RF
xin,muraro,0.7,500-1000,0,94.4496707431797,RF
xin,muraro,0.7,0-100,0,100,RF
xin,muraro,0.8,ALL,1,99.9529633113829,RF
xin,muraro,0.8,1000-2000,0,94.2144873000941,RF
xin,muraro,0.8,100-200,0,100,RF
xin,muraro,0.8,2000-5000,1,92.238946378175,RF
xin,muraro,0.8,200-500,0,100,RF
xin,muraro,0.8,500-1000,0,100,RF
xin,muraro,0.8,0-100,0,100,RF
xin,muraro,0.9,ALL,0,100,RF
xin,muraro,0.9,1000-2000,0,100,RF
xin,muraro,0.9,100-200,0,100,RF
xin,muraro,0.9,2000-5000,1,99.9529633113829,RF
xin,muraro,0.9,200-500,0,100,RF
xin,muraro,0.9,500-1000,0,100,RF
xin,muraro,0.9,0-100,0,100,RF
muraro,xin,0.5,ALL,1,45.911528150134,RF
muraro,xin,0.5,100-200,0.993159670670806,15.0804289544236,RF
muraro,xin,0.5,1000-2000,1,26.4745308310992,RF
muraro,xin,0.5,2000-5000,1,27.8150134048257,RF
muraro,xin,0.5,200-500,1,13.8739946380697,RF
muraro,xin,0.5,0-100,0.998215180928106,20.7774798927614,RF
muraro,xin,0.5,500-1000,0.996460570364917,14.6112600536193,RF
muraro,xin,0.6,ALL,1,84.6514745308311,RF
muraro,xin,0.6,100-200,1,38.4048257372654,RF
muraro,xin,0.6,1000-2000,1,56.3672922252011,RF
muraro,xin,0.6,2000-5000,1,69.9061662198391,RF
muraro,xin,0.6,200-500,1,23.7935656836461,RF
muraro,xin,0.6,0-100,0.997918501167366,27.2788203753351,RF
muraro,xin,0.6,500-1000,1,56.4343163538874,RF
muraro,xin,0.7,ALL,1,99.597855227882,RF
muraro,xin,0.7,100-200,1,71.2466487935657,RF
muraro,xin,0.7,1000-2000,1,92.8954423592493,RF
muraro,xin,0.7,2000-5000,1,95.1072386058981,RF
muraro,xin,0.7,200-500,1,76.1394101876676,RF
muraro,xin,0.7,0-100,1,51.8766756032172,RF
muraro,xin,0.7,500-1000,1,89.343163538874,RF
muraro,xin,0.8,ALL,1,99.8659517426273,RF
muraro,xin,0.8,100-200,1,95.8445040214477,RF
muraro,xin,0.8,1000-2000,1,99.6648793565684,RF
muraro,xin,0.8,2000-5000,1,99.8659517426273,RF
muraro,xin,0.8,200-500,1,94.1689008042895,RF
muraro,xin,0.8,0-100,1,89.0750670241287,RF
muraro,xin,0.8,500-1000,1,96.3806970509383,RF
muraro,xin,0.9,ALL,0,100,RF
muraro,xin,0.9,100-200,0,100,RF
muraro,xin,0.9,1000-2000,0,100,RF
muraro,xin,0.9,2000-5000,0,100,RF
muraro,xin,0.9,200-500,0,100,RF
muraro,xin,0.9,0-100,1,99.5308310991957,RF
muraro,xin,0.9,500-1000,0,100,RF
muraro,baron-human,0.5,ALL,0.982610255970167,73.9876298284514,RF
muraro,baron-human,0.5,100-200,0.944956807356704,43.6456996148909,RF
muraro,baron-human,0.5,1000-2000,0.961001348026753,55.3273427471117,RF
muraro,baron-human,0.5,2000-5000,0.975824908019619,62.387676508344,RF
muraro,baron-human,0.5,200-500,0.966988962426504,51.1728323024857,RF
muraro,baron-human,0.5,0-100,0.926303742474877,47.9869296300619,RF
muraro,baron-human,0.5,500-1000,0.963918638488739,50.8694130003501,RF
muraro,baron-human,0.6,ALL,0.99411197775402,86.952970008169,RF
muraro,baron-human,0.6,100-200,0.956024661206847,65.6085891002451,RF
muraro,baron-human,0.6,1000-2000,0.989690299976978,81.281363052865,RF
muraro,baron-human,0.6,2000-5000,0.994773016224791,86.0543820749212,RF
muraro,baron-human,0.6,200-500,0.950323363414494,78.0487804878049,RF
muraro,baron-human,0.6,0-100,0.946437366035447,67.9075738125802,RF
muraro,baron-human,0.6,500-1000,0.970167281511718,74.1626794258373,RF
muraro,baron-human,0.7,ALL,1,98.1211343213911,RF
muraro,baron-human,0.7,100-200,0.96292560161401,86.579530867079,RF
muraro,baron-human,0.7,1000-2000,0.954832008023498,94.3400630178551,RF
muraro,baron-human,0.7,2000-5000,0.983245101784642,96.417318240168,RF
muraro,baron-human,0.7,200-500,0.964147943491633,89.2986346131404,RF
muraro,baron-human,0.7,0-100,0.936072637282068,89.5553740226397,RF
muraro,baron-human,0.7,500-1000,0.928314955276521,94.3750729373322,RF
muraro,baron-human,0.8,ALL,1,99.9416501342047,RF
muraro,baron-human,0.8,100-200,0.958184764991896,98.494573462481,RF
muraro,baron-human,0.8,1000-2000,1,98.8796825767301,RF
muraro,baron-human,0.8,2000-5000,1,99.5565410199557,RF
muraro,baron-human,0.8,200-500,0.953498478922208,98.7513128719804,RF
muraro,baron-human,0.8,0-100,0.88927495946259,94.4217528299685,RF
muraro,baron-human,0.8,500-1000,1,98.9730423620026,RF
muraro,baron-human,0.9,ALL,1,99.9766600536819,RF
muraro,baron-human,0.9,100-200,1,99.8599603220913,RF
muraro,baron-human,0.9,1000-2000,1,99.9649900805228,RF
muraro,baron-human,0.9,2000-5000,1,99.9649900805228,RF
muraro,baron-human,0.9,200-500,1,99.8716302952503,RF
muraro,baron-human,0.9,0-100,1,99.8599603220913,RF
muraro,baron-human,0.9,500-1000,1,99.9416501342047,RF
baron-human,muraro,0.5,ALL,0.949829514791738,57.2436500470367,RF
baron-human,muraro,0.5,100-200,0.927480663032255,31.8908748824083,RF
baron-human,muraro,0.5,1000-2000,0.889527192808158,43.6500470366886,RF
baron-human,muraro,0.5,200-500,0.914640968663238,35.6067732831609,RF
baron-human,muraro,0.5,2000-5000,0.953995123843298,53.7158984007526,RF
baron-human,muraro,0.5,0-100,0.869269784325977,36.030103480715,RF
baron-human,muraro,0.5,500-1000,0.935470729314803,37.8174976481656,RF
baron-human,muraro,0.6,ALL,0.989681027443023,73.8476011288805,RF
baron-human,muraro,0.6,100-200,0.958372065411603,45.9078080903104,RF
baron-human,muraro,0.6,1000-2000,0.969592623846768,61.1476952022578,RF
baron-human,muraro,0.6,200-500,0.94086314344932,50.8466603951082,RF
baron-human,muraro,0.6,2000-5000,0.971665403208769,73.1890874882408,RF
baron-human,muraro,0.6,0-100,0.913941924823569,45.9548447789276,RF
baron-human,muraro,0.6,500-1000,0.966505754139674,59.0310442144873,RF
baron-human,muraro,0.7,ALL,0.988260770458172,90.310442144873,RF
baron-human,muraro,0.7,100-200,0.978749286001396,59.5014111006585,RF
baron-human,muraro,0.7,1000-2000,0.989520709074923,79.2568203198495,RF
baron-human,muraro,0.7,200-500,0.96982986343256,66.274694261524,RF
baron-human,muraro,0.7,2000-5000,0.984741090765899,85.4186265286924,RF
baron-human,muraro,0.7,0-100,0.911681277504757,58.9369708372531,RF
baron-human,muraro,0.7,500-1000,0.976984580633165,73.8005644402634,RF
baron-human,muraro,0.8,ALL,1,98.5418626528692,RF
baron-human,muraro,0.8,100-200,0.992538810724049,72.0131702728128,RF
baron-human,muraro,0.8,1000-2000,0.983666476299258,93.2737535277517,RF
baron-human,muraro,0.8,200-500,1,87.3471307619944,RF
baron-human,muraro,0.8,2000-5000,1,95.6255879586077,RF
baron-human,muraro,0.8,0-100,0.977776915916848,73.0479774223895,RF
baron-human,muraro,0.8,500-1000,1,89.7930385700847,RF
baron-human,muraro,0.9,ALL,0,100,RF
baron-human,muraro,0.9,100-200,1,93.2267168391345,RF
baron-human,muraro,0.9,1000-2000,1,99.3885230479774,RF
baron-human,muraro,0.9,200-500,1,96.0959548447789,RF
baron-human,muraro,0.9,2000-5000,1,99.9059266227658,RF
baron-human,muraro,0.9,0-100,1,94.8259642521166,RF
baron-human,muraro,0.9,500-1000,1,99.7648165569144,RF
segerstolpe,baron-human,0.5,100-200,0,3.22091259190104,RF
segerstolpe,baron-human,0.5,ALL,0,0,RF
segerstolpe,baron-human,0.5,1000-2000,0,0,RF
segerstolpe,baron-human,0.5,2000-5000,0,0,RF
segerstolpe,baron-human,0.5,200-500,0,0,RF
segerstolpe,baron-human,0.5,500-1000,0,0,RF
segerstolpe,baron-human,0.5,0-100,-1.40408981878325e-06,23.7133854592134,RF
segerstolpe,baron-human,0.6,100-200,0,4.84303886101062,RF
segerstolpe,baron-human,0.6,ALL,0,1.70381608122301,RF
segerstolpe,baron-human,0.6,1000-2000,0,0,RF
segerstolpe,baron-human,0.6,2000-5000,0,0.0466798926362469,RF
segerstolpe,baron-human,0.6,200-500,0,1.69214610806395,RF
segerstolpe,baron-human,0.6,500-1000,0,1.97222546388143,RF
segerstolpe,baron-human,0.6,0-100,0,30.2018905356518,RF
segerstolpe,baron-human,0.7,100-200,0,46.6332127436107,RF
segerstolpe,baron-human,0.7,ALL,0,5.14645816314622,RF
segerstolpe,baron-human,0.7,1000-2000,0,8.95086941300035,RF
segerstolpe,baron-human,0.7,2000-5000,0,4.95973859260124,RF
segerstolpe,baron-human,0.7,200-500,0,4.36456996148909,RF
segerstolpe,baron-human,0.7,500-1000,0,2.07725522231299,RF
segerstolpe,baron-human,0.7,0-100,0,81.9115416034543,RF
segerstolpe,baron-human,0.8,100-200,0,60.2637413933948,RF
segerstolpe,baron-human,0.8,ALL,0,71.840354767184,RF
segerstolpe,baron-human,0.8,1000-2000,0,37.9157427937916,RF
segerstolpe,baron-human,0.8,2000-5000,0,42.9338312521881,RF
segerstolpe,baron-human,0.8,200-500,0,41.0783055198973,RF
segerstolpe,baron-human,0.8,500-1000,0,40.8565760298751,RF
segerstolpe,baron-human,0.8,0-100,0,95.9971992064418,RF
segerstolpe,baron-human,0.9,100-200,0,99.4748512078422,RF
segerstolpe,baron-human,0.9,ALL,0,99.7082506710235,RF
segerstolpe,baron-human,0.9,1000-2000,0,71.828684794025,RF
segerstolpe,baron-human,0.9,2000-5000,0,95.9505193138056,RF
segerstolpe,baron-human,0.9,200-500,0,87.8748978877349,RF
segerstolpe,baron-human,0.9,500-1000,0,96.4639981328043,RF
segerstolpe,baron-human,0.9,0-100,0,99.9766600536819,RF
baron-human,segerstolpe,0.5,ALL,0.846305418719212,98.234495246718,RF
baron-human,segerstolpe,0.5,100-200,0.841176470588235,89.4069714803078,RF
baron-human,segerstolpe,0.5,1000-2000,0.831030818278427,97.6007243096424,RF
baron-human,segerstolpe,0.5,200-500,0.895645685657944,91.9420552286102,RF
baron-human,segerstolpe,0.5,2000-5000,0.313469588771239,96.9216840199185,RF
baron-human,segerstolpe,0.5,0-100,0.747147801563902,88.0941602535084,RF
baron-human,segerstolpe,0.5,500-1000,0.855498981670061,94.1602535083748,RF
baron-human,segerstolpe,0.6,ALL,0.444444444444444,99.7736532367587,RF
baron-human,segerstolpe,0.6,100-200,0.932496075353218,96.1068356722499,RF
baron-human,segerstolpe,0.6,1000-2000,0.76,99.7283838841105,RF
baron-human,segerstolpe,0.6,200-500,0.652173913043478,99.2756903576279,RF
baron-human,segerstolpe,0.6,2000-5000,1,99.9547306473517,RF
baron-human,segerstolpe,0.6,0-100,0.778135048231511,98.9588048890901,RF
baron-human,segerstolpe,0.6,500-1000,0.419354838709677,99.7283838841105,RF
baron-human,segerstolpe,0.7,ALL,0,99.9547306473517,RF
baron-human,segerstolpe,0.7,100-200,0.4,99.8641919420552,RF
baron-human,segerstolpe,0.7,1000-2000,0,100,RF
baron-human,segerstolpe,0.7,200-500,1,99.9094612947035,RF
baron-human,segerstolpe,0.7,2000-5000,0,100,RF
baron-human,segerstolpe,0.7,0-100,0.6,99.818922589407,RF
baron-human,segerstolpe,0.7,500-1000,0,99.9547306473517,RF
baron-human,segerstolpe,0.8,ALL,0,100,RF
baron-human,segerstolpe,0.8,100-200,0,100,RF
baron-human,segerstolpe,0.8,1000-2000,0,100,RF
baron-human,segerstolpe,0.8,200-500,0,100,RF
baron-human,segerstolpe,0.8,2000-5000,0,100,RF
baron-human,segerstolpe,0.8,0-100,1,99.9547306473517,RF
baron-human,segerstolpe,0.8,500-1000,0,100,RF
baron-human,segerstolpe,0.9,ALL,0,100,RF
baron-human,segerstolpe,0.9,100-200,0,100,RF
baron-human,segerstolpe,0.9,1000-2000,0,100,RF
baron-human,segerstolpe,0.9,200-500,0,100,RF
baron-human,segerstolpe,0.9,2000-5000,0,100,RF
baron-human,segerstolpe,0.9,0-100,0,100,RF
baron-human,segerstolpe,0.9,500-1000,0,100,RF
xin,baron-human,0.5,1000-2000,0.883785644477182,72.1087641498425,RF
xin,baron-human,0.5,ALL,0.12947666700051,36.9588049947485,RF
xin,baron-human,0.5,100-200,0,87.6531683977127,RF
xin,baron-human,0.5,2000-5000,0.19449258540425,21.2393511494924,RF
xin,baron-human,0.5,200-500,0.166005395968893,87.7348582098261,RF
xin,baron-human,0.5,500-1000,0.992373262608966,81.1063134554791,RF
xin,baron-human,0.5,0-100,0.291071212924137,67.7792041078306,RF
xin,baron-human,0.6,1000-2000,1,96.977476951803,RF
xin,baron-human,0.6,ALL,0.983904275996113,93.8149142256973,RF
xin,baron-human,0.6,100-200,1,99.9883300268409,RF
xin,baron-human,0.6,2000-5000,0.990713743492268,77.3369121251021,RF
xin,baron-human,0.6,200-500,1,99.8366203757731,RF
xin,baron-human,0.6,500-1000,0.964059196617336,98.8096627377757,RF
xin,baron-human,0.6,0-100,0.833333333333333,99.8716302952503,RF
xin,baron-human,0.7,1000-2000,1,98.1444742677092,RF
xin,baron-human,0.7,ALL,1,99.4631812346832,RF
xin,baron-human,0.7,100-200,1,98.5295833819582,RF
xin,baron-human,0.7,2000-5000,1,96.6857276228265,RF
xin,baron-human,0.7,200-500,0,100,RF
xin,baron-human,0.7,500-1000,1,99.8249504026141,RF
xin,baron-human,0.7,0-100,0,100,RF
xin,baron-human,0.8,1000-2000,1,99.9883300268409,RF
xin,baron-human,0.8,ALL,0,100,RF
xin,baron-human,0.8,100-200,0,100,RF
xin,baron-human,0.8,2000-5000,0,100,RF
xin,baron-human,0.8,200-500,0,100,RF
xin,baron-human,0.8,500-1000,0,100,RF
xin,baron-human,0.8,0-100,0,100,RF
xin,baron-human,0.9,1000-2000,0,100,RF
xin,baron-human,0.9,ALL,0,100,RF
xin,baron-human,0.9,100-200,0,100,RF
xin,baron-human,0.9,2000-5000,0,100,RF
xin,baron-human,0.9,200-500,0,100,RF
xin,baron-human,0.9,500-1000,0,100,RF
xin,baron-human,0.9,0-100,0,100,RF
baron-human,xin,0.5,ALL,0.795952782462058,91.8900804289544,RF
baron-human,xin,0.5,100-200,1,68.230563002681,RF
baron-human,xin,0.5,1000-2000,1,88.3378016085791,RF
baron-human,xin,0.5,200-500,1,65.1474530831099,RF
baron-human,xin,0.5,2000-5000,0.935219657483247,94.1689008042895,RF
baron-human,xin,0.5,0-100,0.663262563826928,76.0053619302949,RF
baron-human,xin,0.5,500-1000,1,72.7211796246649,RF
baron-human,xin,0.6,ALL,1,99.4638069705094,RF
baron-human,xin,0.6,100-200,1,88.6729222520107,RF
baron-human,xin,0.6,1000-2000,1,97.9892761394102,RF
baron-human,xin,0.6,200-500,1,91.8900804289544,RF
baron-human,xin,0.6,2000-5000,1,98.3914209115281,RF
baron-human,xin,0.6,0-100,0.540085898353614,82.7747989276139,RF
baron-human,xin,0.6,500-1000,1,97.4530831099196,RF
baron-human,xin,0.7,ALL,0,100,RF
baron-human,xin,0.7,100-200,1,98.3243967828418,RF
baron-human,xin,0.7,1000-2000,1,99.9329758713137,RF
baron-human,xin,0.7,200-500,0,100,RF
baron-human,xin,0.7,2000-5000,0,100,RF
baron-human,xin,0.7,0-100,1,98.7935656836461,RF
baron-human,xin,0.7,500-1000,1,99.798927613941,RF
baron-human,xin,0.8,ALL,0,100,RF
baron-human,xin,0.8,100-200,1,99.6648793565684,RF
baron-human,xin,0.8,1000-2000,0,100,RF
baron-human,xin,0.8,200-500,1,99.9329758713137,RF
baron-human,xin,0.8,2000-5000,0,100,RF
baron-human,xin,0.8,0-100,1,99.8659517426273,RF
baron-human,xin,0.8,500-1000,0,100,RF
baron-human,xin,0.9,ALL,0,100,RF
baron-human,xin,0.9,100-200,0,100,RF
baron-human,xin,0.9,1000-2000,0,100,RF
baron-human,xin,0.9,200-500,0,100,RF
baron-human,xin,0.9,2000-5000,0,100,RF
baron-human,xin,0.9,0-100,0,100,RF
baron-human,xin,0.9,500-1000,0,100,RF
shekhar,macosko,0.5,0-100,0.815724240144395,25.4642028209248,RF
shekhar,macosko,0.5,1000-2000,0.74679792340804,27.3210141046242,RF
shekhar,macosko,0.5,100-200,0.82017088500622,26.0466880914122,RF
shekhar,macosko,0.5,2000-5000,0.783067842281717,32.1728262810212,RF
shekhar,macosko,0.5,200-500,0.776852684420457,28.5016068559186,RF
shekhar,macosko,0.5,500-1000,0.754053066931017,26.3256561328334,RF
shekhar,macosko,0.6,0-100,0.879968251312094,37.4509016247099,RF
shekhar,macosko,0.6,1000-2000,0.823691523379893,50.0870380289234,RF
shekhar,macosko,0.6,100-200,0.884910987986988,37.687466523835,RF
shekhar,macosko,0.6,2000-5000,0.860924444842845,53.5618639528656,RF
shekhar,macosko,0.6,200-500,0.831724257394324,41.6979110873058,RF
shekhar,macosko,0.6,500-1000,0.810923256723041,45.6748794858061,RF
shekhar,macosko,0.7,0-100,0.916283438136495,47.1701481878236,RF
shekhar,macosko,0.7,1000-2000,0.886654006294113,64.9683092304946,RF
shekhar,macosko,0.7,100-200,0.926079804860798,51.383681485449,RF
shekhar,macosko,0.7,2000-5000,0.911988134698679,74.3371719335833,RF
shekhar,macosko,0.7,200-500,0.894469445433532,55.9587573647563,RF
shekhar,macosko,0.7,500-1000,0.869602231101829,61.6519371540796,RF
shekhar,macosko,0.8,0-100,0.948406366330377,60.6320299946438,RF
shekhar,macosko,0.8,1000-2000,0.943513643123452,82.0701660417783,RF
shekhar,macosko,0.8,100-200,0.955106066588544,69.8424388502053,RF
shekhar,macosko,0.8,2000-5000,0.943989867157719,85.8819853597572,RF
shekhar,macosko,0.8,200-500,0.944150722881003,74.0827530798072,RF
shekhar,macosko,0.8,500-1000,0.941860971181286,78.4949116229245,RF
shekhar,macosko,0.9,0-100,0.970732781803264,76.8322620960543,RF
shekhar,macosko,0.9,1000-2000,0.978011662572281,89.9883949294769,RF
shekhar,macosko,0.9,100-200,0.977012118006605,81.3850205320478,RF
shekhar,macosko,0.9,2000-5000,0.971466526591452,90.9569719692912,RF
shekhar,macosko,0.9,200-500,0.989401445894832,85.953401178361,RF
shekhar,macosko,0.9,500-1000,0.983493778274384,88.5132119264417,RF
macosko,shekhar,0.5,100-200,0.907791500797693,0.545474380886578,RF
macosko,shekhar,0.5,200-500,0.907732789083518,0.538201389141423,RF
macosko,shekhar,0.5,200-500,0.907329224996443,0.480017455180188,RF
macosko,shekhar,0.5,200-500,0.907815626865561,0.487290446925343,RF
macosko,shekhar,0.5,200-500,0.908178286829617,0.527291901523692,RF
macosko,shekhar,0.5,0-100,0.894383681067796,1.06185679479254,RF
macosko,shekhar,0.6,100-200,0.919523914516667,1.25822757191171,RF
macosko,shekhar,0.6,200-500,0.919644141089579,1.15640568747954,RF
macosko,shekhar,0.6,200-500,0.921289789221746,1.23640859667624,RF
macosko,shekhar,0.6,200-500,0.92044809981196,1.19640714207789,RF
macosko,shekhar,0.6,200-500,0.919845645569479,1.20368013382305,RF
macosko,shekhar,0.6,0-100,0.91318858881213,2.40008727590094,RF
macosko,shekhar,0.7,100-200,0.930148409992555,2.30553838321394,RF
macosko,shekhar,0.7,200-500,0.931813965659776,2.2000800029092,RF
macosko,shekhar,0.7,200-500,0.932027196600982,2.34190334193971,RF
macosko,shekhar,0.7,200-500,0.932799693247732,2.31644787083167,RF
macosko,shekhar,0.7,200-500,0.933306710877668,2.2473544492527,RF
macosko,shekhar,0.7,0-100,0.934977506524724,4.66926070038911,RF
macosko,shekhar,0.8,100-200,0.954987384991247,5.14564165969672,RF
macosko,shekhar,0.8,200-500,0.951958622458083,5.26928251936434,RF
macosko,shekhar,0.8,200-500,0.951881117077156,5.12382268446125,RF
macosko,shekhar,0.8,200-500,0.949847223654638,5.31655696570784,RF
macosko,shekhar,0.8,200-500,0.957723902307986,5.40746936252227,RF
macosko,shekhar,0.8,0-100,0.953564582505735,8.23302665551475,RF
macosko,shekhar,0.9,100-200,0.976267047052926,15.2805556565693,RF
macosko,shekhar,0.9,200-500,0.977336589262103,16.4624168151569,RF
macosko,shekhar,0.9,200-500,0.97560311475934,15.4878359213062,RF
macosko,shekhar,0.9,200-500,0.97562640028791,15.335103094658,RF
macosko,shekhar,0.9,200-500,0.977068522643126,15.5678388305029,RF
macosko,shekhar,0.9,0-100,0.980362013277071,21.906251136405,RF
